district_id,crop_year,yield_tha,predicted_yield_tha,harvested_ha,edd_anthesis,awc_topsoil,baseline_tha,anomaly_pct,projected_tonnes,delta_tonnes,exposure_usd,risk_tier
DIST_001,2023,4.154,4.431934819482227,59565.3,24.1,185.1,4.0736,8.796514618082952,263989.5271029047,21344.32102290468,5122637.045497123,GREEN (Normal)
DIST_002,2023,5.21,5.383498156618522,166109.9,34.3,114.9,5.3704,0.24389536381874688,894252.340446087,2175.733486086945,522176.0366608668,GREEN (Normal)
DIST_003,2023,4.383,3.560489394204197,131053.0,52.7,179.9,3.6234,-1.7362313240548468,466612.8165786426,-8244.62362135743,-1978709.6691257833,GREEN (Normal)
DIST_004,2023,5.393,4.7649501708816215,46463.1,20.9,117.1,4.9738,-4.198999338903419,221394.35628468986,-9703.810495310114,-2328914.5188744273,YELLOW (Moderate)
DIST_005,2023,5.503,4.574040599275129,154424.7,20.8,147.3,5.4026000000000005,-15.336308457499563,706344.8473308821,-127950.03688911803,-30708008.853388324,RED (Deficit)
DIST_006,2023,5.409,4.650294409259862,146015.1,16.8,174.2,5.3666,-13.347474951368424,679013.2031975198,-104591.43246248027,-25101943.790995263,RED (Deficit)
DIST_007,2023,4.912,4.374676971193594,158646.9,48.7,126.9,4.5226,-3.270751974669565,694028.939981253,-23467.529958746978,-5632207.190099275,YELLOW (Moderate)
DIST_008,2023,3.211,3.551692288249103,169180.5,44.1,171.5,3.7598,-5.535073986672082,600877.0771721273,-35207.76672787266,-8449864.014689438,YELLOW (Moderate)
DIST_009,2023,4.463,4.41463592122203,79814.8,35.1,135.2,3.8275999999999994,15.336919250235932,352353.28312515205,46854.1546451521,11244997.114836503,GREEN (Normal)
DIST_010,2023,4.029,4.697020176742882,156903.6,3.9,117.2,3.6090000000000004,30.14741415192245,736979.3750035944,170714.28260359436,40971427.824862644,GREEN (Normal)
DIST_011,2023,3.189,4.19056507936148,163615.0,31.9,159.6,3.371,24.31222424685495,685639.3054597286,134093.14045972854,32182353.710334852,GREEN (Normal)
DIST_012,2023,4.952,4.858348712624174,61900.1,4.6,158.0,4.8934,-0.7162972039037382,300732.27114630764,-2169.6781936923508,-520722.7664861642,GREEN (Normal)
DIST_013,2023,3.181,3.6106750648191577,142909.8,55.0,148.2,3.2494,11.11820843291554,516000.85137829283,51629.74725829286,12391139.341990286,GREEN (Normal)
DIST_014,2023,4.151,5.102649527026369,136329.3,8.7,149.2,3.8872,31.267995653075964,695640.6381648359,165701.38320483593,39768331.969160624,GREEN (Normal)
DIST_015,2023,3.596,4.042581273347994,76977.5,36.3,155.8,3.5534,13.766569295547768,311187.7999691452,37655.95146914525,9037428.35259486,GREEN (Normal)
DIST_016,2023,4.498,4.515460239011517,105372.3,37.5,99.6,4.771800000000001,-5.371972022894576,475804.4309431933,-27011.11019680678,-6482666.447233628,YELLOW (Moderate)
DIST_017,2023,5.905,5.884295184955731,109262.4,12.1,175.1,5.513,6.73490268376076,642932.2142167069,40568.603016707,9736464.72400968,GREEN (Normal)
DIST_018,2023,5.537,5.307360852813225,73824.0,32.4,185.5,5.2364,1.355145764518082,391810.6075980835,5238.613998083514,1257267.3595400434,GREEN (Normal)
DIST_019,2023,4.597,4.295796316679143,114940.6,36.6,140.8,4.7408,-9.386679111560444,493761.40611689066,-51148.99036310933,-12275757.687146239,YELLOW (Moderate)
DIST_020,2023,5.501,4.641026610605693,79913.8,42.4,174.2,5.2044,-10.824944074135471,370882.07235462125,-45021.30836537876,-10805114.007690903,RED (Deficit)
DIST_021,2023,3.89,4.177080139922217,62045.7,27.0,177.8,3.8641999999999994,8.096893015946838,259169.8612375719,19412.86729757194,4659088.151417265,GREEN (Normal)
DIST_022,2023,3.214,4.053445395266747,133050.3,47.2,175.6,3.6759999999999997,10.267829033371807,539312.1258738593,50219.22307385935,12052613.537726244,GREEN (Normal)
DIST_023,2023,4.759,4.451740856901189,152781.3,46.5,97.1,4.6222,-3.687835729713365,680142.7553804776,-26042.96947952232,-6250312.675085356,YELLOW (Moderate)
DIST_024,2023,3.838,4.635779644581111,177433.3,28.8,148.2,3.9654000000000003,16.90572564132522,822541.6804108535,118947.67259085341,28547441.42180482,GREEN (Normal)
DIST_025,2023,3.896,4.4053241356614805,137153.3,27.8,110.3,3.9182,12.43234484358839,604204.7427756197,66810.6827156198,16034563.851748751,GREEN (Normal)
DIST_026,2023,3.986,4.347664162366587,99579.1,23.8,142.0,4.5192,-3.7957124631220758,432936.48439071863,-17081.38432928134,-4099532.2390275216,YELLOW (Moderate)
DIST_027,2023,5.528,4.834426996888716,141974.7,6.4,141.9,5.4758000000000004,-11.712863930590677,686366.3225551764,-91058.7397048237,-21854097.52915769,RED (Deficit)
DIST_028,2023,4.486,4.709956742560232,45199.0,43.3,167.2,4.598599999999999,2.4215357404478026,212885.33480697992,5033.21340697995,1207971.217675188,GREEN (Normal)
DIST_029,2023,4.188,4.038126888924071,150807.6,22.7,120.3,4.1786,-3.3617266806090305,608980.2246141058,-21184.412745894282,-5084259.059014628,YELLOW (Moderate)
DIST_030,2023,3.804,4.3667225545785575,55955.1,31.1,127.4,3.4722,25.762414451314946,244340.39721369863,50053.09899369863,12012743.758487672,GREEN (Normal)
DIST_031,2023,5.412,5.863146772130838,92826.6,31.4,144.4,5.475199999999999,7.085526960309007,544255.9801578805,36011.77983788052,8642827.161091324,GREEN (Normal)
DIST_032,2023,4.126,4.776175442955914,114931.1,41.1,95.8,3.8793999999999995,23.116343840694814,548931.0974519105,103067.38811191055,24736173.146858532,GREEN (Normal)
DIST_033,2023,4.072,4.236375948469557,129322.9,55.3,109.5,3.6174,17.11107282770932,547860.4231463337,80047.76468633371,19211463.52472009,GREEN (Normal)
DIST_034,2023,4.979,4.702497415429732,152769.6,9.8,134.2,5.0002,-5.9538135388638205,718398.649156234,-45479.9047637661,-10915177.143303864,YELLOW (Moderate)
DIST_035,2023,4.068,3.660026853430062,129689.4,30.6,125.5,3.8536,-5.023176940262045,474666.68660523265,-25104.38523476734,-6025052.456344161,YELLOW (Moderate)
DIST_036,2023,3.348,4.176631359454478,170365.1,8.6,138.6,3.5980000000000003,16.082027778056638,711552.2192165982,98578.58941659809,23658861.459983543,GREEN (Normal)
DIST_037,2023,4.515,4.410937518696406,61016.9,22.2,140.2,4.2418,3.9873996580792785,269141.73348454677,10320.247064546798,2476859.2954912316,GREEN (Normal)
DIST_038,2023,4.392,4.617506973506148,101449.5,12.4,130.8,4.4654,3.406345982580473,468443.77370871196,15431.176408711995,3703482.338090879,GREEN (Normal)
DIST_039,2023,5.118,4.561379365083203,120085.7,33.1,150.2,4.8888,-6.697362029880473,547756.434021572,-39318.53613842791,-9436448.673222698,YELLOW (Moderate)
DIST_040,2023,4.924,5.805374007637297,46741.2,34.1,115.3,4.9988,16.1353526373789,271350.14756577637,37700.23700577638,9048056.88138633,GREEN (Normal)
DIST_041,2023,4.584,4.36227389209643,97282.0,39.4,128.0,4.4978,-3.0131643893363447,424370.72877092485,-13184.250829075114,-3164220.1989780273,YELLOW (Moderate)
DIST_042,2023,5.359,5.151072645589706,115659.2,16.1,184.1,5.061400000000001,1.7716964790316005,595768.9413307889,10371.46645078878,2489151.948189307,GREEN (Normal)
DIST_043,2023,4.131,5.070411997992507,110313.3,7.5,108.4,3.5944000000000003,41.064210939030346,559333.8798581469,162823.75433814683,39077701.04115524,GREEN (Normal)
DIST_044,2023,3.694,4.5594558439254245,160980.1,8.0,137.2,3.6906,23.542400800016924,733981.6577006993,139868.5006406993,33568440.15376783,GREEN (Normal)
DIST_045,2023,4.954,5.054283863914499,158245.3,29.7,121.3,5.043200000000001,0.2197783929746656,799816.666330309,1753.9693703089142,420952.6488741394,GREEN (Normal)
DIST_046,2023,4.897,4.62578239637446,155547.4,9.0,101.3,4.8427999999999995,-4.481242331410323,719528.4247218167,-33756.5239981832,-8101565.759563968,YELLOW (Moderate)
DIST_047,2023,3.498,3.8304078996118527,137322.5,37.0,108.7,3.3988,12.698831929264816,526001.1887944486,59269.475794448634,14224674.190667672,GREEN (Normal)
DIST_048,2023,4.936,5.272751428981013,148915.8,0.0,114.1,4.7256,11.578454142987406,785195.9972478506,81479.49276785064,19555078.264284153,GREEN (Normal)
DIST_049,2023,3.974,4.3633866287918375,53362.8,25.4,179.7,3.4806,25.3630589206412,232842.52799489308,47107.96631489307,11305911.915574336,GREEN (Normal)
DIST_050,2023,5.479,5.334382986829539,170469.5,34.7,116.2,5.2134,2.3206158520262914,909349.6005733381,20623.909273338155,4949738.225601157,GREEN (Normal)
DIST_051,2023,4.257,4.786770280927688,126796.1,8.4,118.3,4.3066,11.149637322428076,606943.8032175353,60883.718957535224,14612092.549808454,GREEN (Normal)
DIST_052,2023,4.071,4.36327339075021,165900.0,0.0,143.6,4.2702,2.1796026122947487,723867.0555254599,15440.87552545988,3705810.126110371,GREEN (Normal)
DIST_053,2023,4.947,5.088311283499666,88579.3,4.8,117.3,4.7958,6.099321979641908,450719.051674502,25910.444734502,6218506.73628048,GREEN (Normal)
DIST_054,2023,3.644,3.6567595760556735,135553.3,18.0,167.6,3.5024,4.407251486285784,495685.8278409475,20923.94992094749,5021747.981027397,GREEN (Normal)
DIST_055,2023,5.074,4.53863683547777,58177.4,33.1,114.3,5.3732,-15.531957949122122,264046.0906323244,-48552.71504767559,-11652651.611442141,RED (Deficit)
DIST_056,2023,4.846,4.7812691416457085,103329.1,38.9,143.7,4.740399999999999,0.8621454232914778,494044.2372640236,4222.9716240236885,1013513.1897656852,GREEN (Normal)
DIST_057,2023,4.591,4.714479952289164,82973.4,13.8,153.0,4.5374,3.902674489557102,391176.4308732697,14692.925713269738,3526302.1711847372,GREEN (Normal)
DIST_058,2023,4.431,4.152179991656841,62159.9,32.5,90.7,4.0104,3.535307990645363,258099.0930633901,8813.030103390105,2115127.224813625,GREEN (Normal)
DIST_059,2023,3.624,3.746540151778367,93824.9,46.1,140.6,3.3811999999999998,10.805044119790827,351518.7550865901,34278.00320659019,8226720.769581646,GREEN (Normal)
DIST_060,2023,4.332,4.727259325755722,144968.8,7.9,138.7,4.3096,9.69137102644613,685305.111743616,60547.571263616206,14531417.10326789,GREEN (Normal)
DIST_061,2023,5.35,5.4915178687314565,156309.8,44.4,98.6,4.9088,11.870882267182534,858378.0597578401,91084.51351784018,21860283.244281642,GREEN (Normal)
DIST_062,2023,3.144,3.696316896005664,99771.4,5.9,141.8,3.3451999999999997,10.496140619564274,368786.7115581395,35031.424278139544,8407541.82675349,GREEN (Normal)
DIST_063,2023,5.23,4.450772540776852,93086.2,28.8,116.8,5.364199999999999,-17.02821407149523,414305.50288526225,-85027.49115473765,-20406597.877137035,RED (Deficit)
DIST_064,2023,4.235,4.438677665299185,104650.3,31.9,90.6,4.6384,-4.305845435943753,464508.9492768593,-20901.002243140712,-5016240.538353771,YELLOW (Moderate)
DIST_065,2023,4.269,4.036023081643543,89314.4,20.4,164.4,3.8796,4.03193838652291,360474.979923144,13970.83368314401,3353000.0839545624,GREEN (Normal)
DIST_066,2023,4.207,4.163977655016165,80854.3,15.5,118.7,4.2056,-0.9896886290620759,336675.49851197354,-3365.345568026416,-807682.9363263398,GREEN (Normal)
DIST_067,2023,5.689,4.818371021265505,157719.2,25.9,183.2,5.476999999999999,-12.02536021059877,759949.6227771784,-103878.43562282156,-24930824.549477175,RED (Deficit)
DIST_068,2023,4.153,5.011952994517864,110364.9,2.2,93.1,3.5352000000000006,41.77282740772411,553143.6910446645,162981.69656466442,39115607.17551946,GREEN (Normal)
DIST_069,2023,3.976,3.6896331806814913,149115.4,18.3,182.3,3.3876,8.915845456414315,550181.1275905928,45037.79855059285,10809071.652142284,GREEN (Normal)
DIST_070,2023,4.723,4.721098438275627,55529.2,6.3,150.5,4.3698,8.039233792750865,262158.8193986949,19507.321238694945,4681757.097286787,GREEN (Normal)
DIST_071,2023,3.338,3.5071588473818505,53317.1,29.4,138.7,3.6710000000000003,-4.4631204744797,186991.53898174287,-8735.535118257132,-2096528.4283817117,YELLOW (Moderate)
DIST_072,2023,3.627,4.345095639452329,55575.7,19.0,159.1,3.475,25.03872343747709,241481.7317295108,48356.1742295108,11605481.815082591,GREEN (Normal)
DIST_073,2023,4.553,4.100023896006092,135484.3,34.6,173.3,4.5092,-9.074250509933208,555488.867533658,-55436.93802634184,-13304865.126322042,YELLOW (Moderate)
DIST_074,2023,4.514,4.489049340982809,158506.0,5.5,107.9,4.0274,11.462713934121483,711541.254841821,73174.190441821,17561805.70603704,GREEN (Normal)
DIST_075,2023,3.261,4.050093828520755,143223.2,0.0,185.4,3.5056,15.532115144932531,580067.3984209938,77984.14850099379,18716195.64023851,GREEN (Normal)
DIST_076,2023,5.015,4.404880303706094,90522.3,25.4,99.5,4.5806,-3.8361720362813863,398739.8963161742,-15906.551063825784,-3817572.255318188,YELLOW (Moderate)
DIST_077,2023,4.151,4.044040202690437,160439.8,17.6,137.5,4.2482,-4.805795332365779,648825.0013116131,-32755.357048386824,-7861285.691612838,YELLOW (Moderate)
DIST_078,2023,4.952,5.069240909615189,47997.4,21.5,93.1,4.8386000000000005,4.7666868436156875,243310.3836351641,11070.163995164068,2656839.3588393764,GREEN (Normal)
DIST_079,2023,4.805,5.034058426248654,152703.3,27.6,172.4,4.3662,15.296102474661124,768717.3340809761,101984.18562097615,24476204.549034275,GREEN (Normal)
DIST_080,2023,4.1,4.686111996531984,51651.9,4.3,188.1,3.9114000000000004,19.806514202893695,242046.58823367042,40015.346573670395,9603683.177680895,GREEN (Normal)
DIST_081,2023,4.145,4.852498979526078,96567.3,10.8,143.1,3.9403999999999995,23.147370305706996,468592.7247055886,88078.93578558863,21138944.588541273,GREEN (Normal)
DIST_082,2023,5.715,5.548453992168259,166151.6,24.4,115.3,5.3892,2.95505811935462,921884.5083251437,26460.305605143774,6350473.345234506,GREEN (Normal)
DIST_083,2023,5.408,5.616210093188445,100632.6,40.0,180.0,5.3244,5.480619284585029,565173.8238237955,29365.60838379548,7047746.012110915,GREEN (Normal)
DIST_084,2023,5.121,4.870766188592155,89221.4,19.0,107.7,4.8368,0.7022450502843764,434576.5784188561,3030.510898856097,727322.6157254633,GREEN (Normal)
DIST_085,2023,4.656,5.132696975509277,128109.3,28.9,179.9,4.4504,15.331138223738922,657546.2166446106,87408.58792461059,20978061.10190654,GREEN (Normal)
DIST_086,2023,4.794,5.346758959072178,134305.8,32.3,125.0,4.7219999999999995,13.230812347991913,718100.739405356,83908.75180535612,20138100.433285467,GREEN (Normal)
DIST_087,2023,3.561,4.319828739864994,62794.4,25.1,149.6,3.5512,21.64419745057992,271261.0538225784,48265.58054257839,11583739.330218814,GREEN (Normal)
DIST_088,2023,4.215,4.293218739544715,155762.3,16.9,164.1,4.1978,2.2730654043716902,668721.6252745857,14862.642334585777,3567034.1603005864,GREEN (Normal)
DIST_089,2023,4.548,4.7384839379642285,96448.6,29.2,175.5,3.9304,20.55983965917536,457020.1419391367,77938.5644991367,18705255.479792807,GREEN (Normal)
DIST_090,2023,3.218,3.3071833777784465,100275.5,35.1,98.0,3.3892,-2.419940464462224,331629.4667984226,-8224.25780157739,-1973821.8723785738,GREEN (Normal)
DIST_091,2023,4.813,4.833666547421216,153583.2,2.3,177.7,4.4974,7.476909935100638,742369.9760859022,51644.89240590215,12394774.177416516,GREEN (Normal)
DIST_092,2023,4.655,5.219648050745173,99886.7,25.8,94.3,4.3668,19.5302750468346,521373.41895036784,85188.1773903679,20445162.573688295,GREEN (Normal)
DIST_093,2023,4.837,5.3232979806225,157802.0,2.3,129.7,4.818,10.487712341687427,840027.0679381917,79737.03193819174,19136887.665166017,GREEN (Normal)
DIST_094,2023,4.372,4.463538170653438,80713.7,36.3,145.2,4.168,7.090647088614148,360268.6808446704,23853.979244670423,5724955.018720902,GREEN (Normal)
DIST_095,2023,4.587,4.516854245297783,58532.6,39.0,183.0,4.0138,12.53311687921131,264383.22279831703,29445.072918317048,7066817.5003960915,GREEN (Normal)
DIST_096,2023,4.359,4.587726318154308,161869.6,43.8,145.8,3.4808,31.80091697754276,742613.4240291106,179177.72034911055,43002652.88378653,GREEN (Normal)
DIST_097,2023,5.249,5.144453519765297,49826.0,14.0,162.9,5.3995999999999995,-4.7252848402604375,256327.5410758257,-12712.928524174262,-3051102.845801823,YELLOW (Moderate)
DIST_098,2023,3.653,4.065604254456595,89713.9,38.0,165.4,3.5342,15.036054961705483,364741.2135238935,47674.34814389353,11441843.554534446,GREEN (Normal)
DIST_099,2023,4.982,4.730319134422608,70759.3,10.3,121.5,4.667,1.3567416846498406,334714.0707283497,4480.417628349678,1075300.2308039228,GREEN (Normal)
DIST_100,2023,4.144,3.787470691239794,120505.8,57.5,113.3,4.33,-12.529545236956254,456412.1856244044,-65377.9283755956,-15690702.810142944,RED (Deficit)
DIST_101,2023,5.344,4.644717097586376,103356.6,30.6,174.0,5.1284,-9.431458201654,480062.16716839606,-49991.820271603996,-11998036.865184959,YELLOW (Moderate)
DIST_102,2023,5.505,5.169881495706756,115902.3,64.8,93.1,5.2854,-2.1856151718553805,599201.1560798532,-13388.860340146814,-3213326.4816352352,GREEN (Normal)
DIST_103,2023,4.076,4.647896087395167,110665.2,14.8,126.8,3.8222,21.60263951114978,514360.35009080364,91375.82265080366,21930197.436192878,GREEN (Normal)
DIST_104,2023,3.913,4.202395685090661,108634.7,14.5,142.7,3.7287999999999997,12.701021376600007,456525.99453111837,51448.925171118404,12347742.041068416,GREEN (Normal)
DIST_105,2023,4.652,4.618818689385937,139823.5,40.8,178.9,4.4626,3.5006204765369233,645819.3950153545,21843.04391535453,5242330.539685087,GREEN (Normal)
DIST_106,2023,4.703,3.9425928237639463,57011.7,26.8,125.4,4.3646,-9.668862581589469,224773.91929058297,-24059.34652941703,-5774243.167060087,YELLOW (Moderate)
DIST_107,2023,4.067,4.498539710068348,138618.0,26.4,181.2,3.9246000000000003,14.624158132506443,623578.5775302543,79558.37473025417,19094009.935261004,GREEN (Normal)
DIST_108,2023,4.728,4.44687907427931,57145.6,9.0,93.1,4.683,-5.0420868187206915,254119.5728271357,-13493.271972864255,-3238385.273487421,YELLOW (Moderate)
DIST_109,2023,5.373,4.831619353176736,137965.0,46.4,166.1,5.0334,-4.008833925840675,666594.3640610283,-27838.666938971728,-6681280.065353215,YELLOW (Moderate)
DIST_110,2023,3.191,3.922626952704349,99121.9,35.7,107.0,3.2792000000000003,19.62146110954954,388818.2365432652,63777.70206326514,15306648.495183634,GREEN (Normal)
DIST_111,2023,4.567,4.794423994618509,134608.5,45.6,168.7,4.035,18.82091684308573,645370.2222796056,102224.92477960559,24533981.94710534,GREEN (Normal)
DIST_112,2023,4.77,4.618301721163524,133221.0,47.0,180.0,4.3678,5.735192114188478,615254.7735951259,33372.08979512588,8009301.5508302115,GREEN (Normal)
DIST_113,2023,4.09,4.319433598509783,51985.6,16.3,123.5,3.8838,11.216684651881746,224548.34727869017,22646.67399869018,5435201.759685643,GREEN (Normal)
DIST_114,2023,4.049,4.251859018409942,76176.9,24.6,141.6,3.7161999999999997,14.414160120820782,323893.43925951223,40804.84347951226,9793162.435082942,GREEN (Normal)
DIST_115,2023,4.934,4.07305760678207,53160.3,31.3,146.6,4.8704,-16.37118908545355,216524.9642938169,-42386.960826183116,-10172870.598283948,RED (Deficit)
DIST_116,2023,4.62,4.196558847676268,178525.1,59.2,123.9,4.49,-6.535437690951712,749191.0879372905,-52386.611062709475,-12572786.655050274,YELLOW (Moderate)
DIST_117,2023,4.058,4.292933883243051,81621.3,12.6,101.4,3.9882,7.640887699790653,350394.84436434606,24872.775704346073,5969466.169043058,GREEN (Normal)
DIST_118,2023,4.471,4.230953440682456,65270.7,7.7,186.9,4.3402,-2.5170858328543386,276157.2927407524,-7130.599399247614,-1711343.8558194274,GREEN (Normal)
DIST_119,2023,4.646,4.721855751131359,76315.7,28.1,171.2,4.2536000000000005,11.008457568444566,360351.7269466154,35735.26542661537,8576463.702387689,GREEN (Normal)
DIST_120,2023,4.754,5.058514639650912,58620.0,41.5,120.8,4.8286,4.7615176169264934,296530.12817633647,13477.596176336461,3234623.0823207507,GREEN (Normal)
DIST_121,2023,4.05,5.0041502733037095,76533.2,19.2,103.4,4.4274000000000004,13.026839077194493,382983.63369680743,44140.5440168074,10593730.564033777,GREEN (Normal)
DIST_122,2023,4.152,4.4097906771105,95206.0,21.9,150.3,3.9126000000000003,12.707424145338136,419838.5312049823,47335.53560498229,11360528.545195749,GREEN (Normal)
DIST_123,2023,4.489,4.1981853039089145,100454.9,26.4,173.7,4.5622,-7.978928939789691,421728.2848856396,-36567.05989436031,-8776094.374646474,YELLOW (Moderate)
DIST_124,2023,4.981,4.256341941171173,159672.0,15.4,152.5,4.9316,-13.692474223960327,679618.6304306835,-107819.80476931657,-25876753.144635975,RED (Deficit)
DIST_125,2023,5.779,5.197824083941554,136049.5,26.8,179.3,5.5096,-5.658775883157506,707161.3677082064,-42416.95749179355,-10180069.798030453,YELLOW (Moderate)
DIST_126,2023,5.505,4.512374590659125,51200.6,25.3,152.5,5.4374,-17.012274420511194,231036.28646650157,-47361.85597349846,-11366845.43363963,RED (Deficit)
DIST_127,2023,3.98,4.248968341766521,45180.0,10.1,183.5,3.7640000000000002,12.884387400810871,191968.38968101144,21910.86968101142,5258608.723442741,GREEN (Normal)
DIST_128,2023,4.387,4.024361505646643,165013.9,27.9,111.3,4.4910000000000005,-10.390525369702914,664075.5870566245,-77001.83784337563,-18480441.08241015,RED (Deficit)
DIST_129,2023,3.694,4.434877211499636,57751.7,22.2,90.7,3.3414,32.72512155083604,256121.6982553635,63150.16787536349,15156040.290087238,GREEN (Normal)
DIST_130,2023,3.601,4.552461921436841,101970.7,23.2,95.6,3.6496000000000004,24.73865413844915,464217.72885225964,92065.46213225962,22095710.911742307,GREEN (Normal)
DIST_131,2023,4.758,4.698262125517301,56564.7,8.8,114.3,4.5448,3.376652999412532,265755.78765124845,8680.539091248444,2083329.3818996265,GREEN (Normal)
DIST_132,2023,5.553,4.989969941715706,154149.3,46.4,161.2,5.3844,-7.325422670758015,769200.3735365168,-60801.117383483215,-14592268.172035972,YELLOW (Moderate)
DIST_133,2023,4.212,3.598485566511845,154839.8,16.8,117.1,4.2188,-14.703575269938247,557188.7854215808,-96049.36281841912,-23051847.07642059,RED (Deficit)
DIST_134,2023,5.676,5.067255248396652,73180.2,29.6,93.6,5.2942,-4.286667515457445,370822.75252871664,-16607.86231128336,-3985886.9547080062,YELLOW (Moderate)
DIST_135,2023,3.759,3.829482933836549,88668.1,30.1,111.7,4.2,-8.8218349086536,339552.97572571255,-32853.04427428747,-7884730.6258289935,YELLOW (Moderate)
DIST_136,2023,4.824,5.247901212045003,178163.8,64.0,125.6,4.9022,7.051960590041266,934986.0219625434,61591.44160254346,14781945.98461043,GREEN (Normal)
DIST_137,2023,4.372,4.270560839180472,174813.2,9.1,90.9,4.3676,-2.2217959707740635,746550.4060918238,-16963.726228176267,-4071294.294762304,GREEN (Normal)
DIST_138,2023,4.088,3.8438391354460006,112044.2,23.4,108.3,4.058999999999999,-5.300834307809773,430679.8808597388,-24107.52694026113,-5785806.465662671,YELLOW (Moderate)
DIST_139,2023,4.236,4.411562499609777,156735.6,14.2,127.2,4.0906,7.846342825252442,691448.8953138381,50306.249953838065,12073499.988921136,GREEN (Normal)
DIST_140,2023,3.862,4.334563400382441,117694.3,55.3,184.1,3.8282,13.227192946618288,510153.40521363117,59596.08595363115,14303060.628871474,GREEN (Normal)
DIST_141,2023,4.379,5.286259737287518,177508.1,0.0,177.6,4.533,16.617245472921198,938353.9220724066,133709.7047724065,32090329.145377558,GREEN (Normal)
DIST_142,2023,5.183,5.070079076593503,101100.5,37.8,163.9,5.3152,-4.611697083957274,512587.52968314145,-24781.84791685856,-5947643.500046055,YELLOW (Moderate)
DIST_143,2023,3.898,3.766103482830752,72706.6,58.1,183.1,3.3817999999999997,11.36387376044569,273820.57948478236,27941.399604782346,6705935.905147763,GREEN (Normal)
DIST_144,2023,5.276,5.092280101703763,48780.7,16.1,127.4,5.3742,-5.245802134201123,248404.98795718074,-13752.249982819223,-3300539.9958766135,YELLOW (Moderate)
DIST_145,2023,3.356,4.016912283719139,84088.3,43.0,129.3,3.4084000000000003,17.85331192697861,337775.3251870601,51168.76346706005,12280503.232094413,GREEN (Normal)
DIST_146,2023,2.867,3.907277995643041,145182.5,29.9,157.4,3.3329999999999997,17.230062875578795,567268.3876024458,83375.11510244582,20010027.624587,GREEN (Normal)
DIST_147,2023,4.141,4.86067402763965,166207.2,0.3,173.3,4.228,14.963907938496934,807879.0202467089,105154.97864670889,25237194.875210132,GREEN (Normal)
DIST_148,2023,5.532,5.836389536204017,55431.7,24.8,132.7,5.351,9.071006096131878,323520.9938540002,26905.967154000187,6457432.116960045,GREEN (Normal)
DIST_149,2023,4.421,4.90988417344514,49298.6,21.4,130.7,4.4232,11.002988186044954,242050.41591300257,23992.848393002583,5758283.61432062,GREEN (Normal)
DIST_150,2023,4.174,4.266455315620413,56231.1,42.7,119.1,3.5098,21.55835989573233,239907.475498183,42547.560718183,10211414.57236392,GREEN (Normal)
DIST_151,2023,4.694,5.206575180820255,52211.3,20.7,139.6,4.6452,12.085059433829647,271842.0587383606,29310.12797836057,7034430.714806537,GREEN (Normal)
DIST_152,2023,4.891,5.0160421165764335,78245.9,36.4,183.5,4.8956,2.460211548664792,392484.72984942794,9424.101809427957,2261784.4342627097,GREEN (Normal)
DIST_153,2023,5.233,5.067898597432011,53253.6,2.2,130.8,5.221,-2.9324152953072034,269883.84474820533,-8153.2008517946815,-1956768.2044307236,GREEN (Normal)
DIST_154,2023,4.0,4.177384298369108,179753.6,5.8,189.0,4.2336,-1.3278463159224292,750899.8662153214,-10104.974744678708,-2425193.93872289,GREEN (Normal)
DIST_155,2023,5.102,4.433746656936736,172623.3,25.3,158.0,5.2034,-14.791354557851863,765367.9792843873,-132860.09993561264,-31886423.984547034,RED (Deficit)
DIST_156,2023,5.186,5.0065038682260345,170227.9,24.1,145.5,5.0802,-1.4506541430251774,852246.6398299945,-12545.13775000535,-3010833.060001284,GREEN (Normal)
DIST_157,2023,4.225,4.7809721223426855,141585.9,36.1,128.4,4.5236,5.689542009520856,676918.2408167992,36440.26357679919,8745663.258431805,GREEN (Normal)
DIST_158,2023,4.58,4.328110417649894,154856.0,48.6,160.4,4.928,-12.173084057429099,670233.866835592,-92896.50116440805,-22295160.279457934,RED (Deficit)
DIST_159,2023,5.188,4.398462946445874,55273.6,25.9,141.7,4.6701999999999995,-5.8185314023837424,243118.88151667066,-15019.885203329293,-3604772.4487990304,YELLOW (Moderate)
DIST_160,2023,5.323,4.937796649814971,115790.7,27.8,139.3,5.209,-5.20643789950141,571750.9305397304,-31402.825760269538,-7536678.182464689,YELLOW (Moderate)
DIST_161,2023,5.461,5.0412479668019365,134437.3,33.9,151.2,5.026999999999999,0.28342882040853984,677731.7652873419,1915.4581873420393,459709.96496208943,GREEN (Normal)
DIST_162,2023,4.896,4.759930639337595,109687.9,30.4,189.4,4.7668,-0.1441084304440053,522106.79597459815,-753.4857454018202,-180836.57889643684,GREEN (Normal)
DIST_163,2023,4.86,4.4624020709998495,63503.5,37.9,187.2,4.7228,-5.513634475314449,283378.14991573896,-16536.179884261044,-3968683.1722226506,YELLOW (Moderate)
DIST_164,2023,4.136,4.398421381247784,64885.7,26.2,183.3,4.3818,0.3793277020353331,285394.6502172293,1078.4899572293507,258837.58973504417,GREEN (Normal)
DIST_165,2023,5.348,5.298764690648477,150621.7,0.0,123.4,4.9394,7.27547254015624,798108.9456054479,54128.12062544783,12990748.95010748,GREEN (Normal)
DIST_166,2023,4.954,4.862162872288071,131161.4,25.4,128.9,5.0966000000000005,-4.599873007729265,637728.0893573245,-30749.101882675546,-7379784.451842131,YELLOW (Moderate)
DIST_167,2023,4.846,4.372903888922068,47582.1,53.0,186.7,5.078,-13.885311364275932,208071.95013307873,-33549.95366692127,-8051988.880061105,RED (Deficit)
DIST_168,2023,4.516,5.23374350886499,59699.0,25.1,128.8,4.380599999999999,19.47549442690477,312449.253735731,50931.81433573103,12223635.440575447,GREEN (Normal)
DIST_169,2023,3.848,4.158231879169267,61051.9,39.8,163.2,3.5991999999999997,15.53211489134439,253867.95686385417,34129.95838385419,8191190.012125005,GREEN (Normal)
DIST_170,2023,4.892,4.6023575591337424,130257.5,32.9,167.4,4.6858,-1.7807512242575003,599491.5897588634,-10869.003741136636,-2608560.8978727926,GREEN (Normal)
DIST_171,2023,4.669,4.699880783630335,148803.3,27.1,162.4,4.2156,11.487825781154163,699357.7702107797,72062.5787307797,17295018.895387128,GREEN (Normal)
DIST_172,2023,3.842,4.522911824222749,128950.6,39.1,158.0,3.4156,32.419247693604326,583232.1934806181,142788.52412061807,34269245.788948335,GREEN (Normal)
DIST_173,2023,4.717,4.800422843156013,173363.5,25.6,130.2,4.7936,0.14233234220654864,832218.1055694774,1182.831969477469,283879.6726745926,GREEN (Normal)
DIST_174,2023,3.912,3.673203493326476,135531.8,31.5,94.2,3.572,2.833244494022286,497835.8812168253,13716.291616825329,3291909.988038079,GREEN (Normal)
DIST_175,2023,4.971,4.861648961420816,176526.8,26.0,165.8,4.8991999999999996,-0.7664728645326576,858211.33388294,-6628.764677059837,-1590903.5224943608,GREEN (Normal)
DIST_176,2023,4.587,4.638115123040657,92678.4,28.9,136.1,4.139,12.058833608133764,429853.08861921116,46257.19101921114,11101725.844610672,GREEN (Normal)
DIST_177,2023,3.649,4.766946505654079,95311.3,13.1,95.1,3.5683999999999996,33.587784599654746,454343.86848434765,114235.02556434768,27416406.135443445,GREEN (Normal)
DIST_178,2023,4.328,4.997263034527243,118818.3,4.3,144.0,4.4694,11.810601748047665,593766.2984153683,62719.78839536826,15052749.214888383,GREEN (Normal)
DIST_179,2023,5.075,4.649334881116298,159344.8,44.7,107.1,5.189,-10.400175734895013,740847.3367645002,-85992.83043549967,-20638279.30451992,RED (Deficit)
DIST_180,2023,4.478,4.37770362216672,174559.3,24.8,171.7,4.0774,7.365076327235992,764168.8798928871,52420.79007288709,12580989.617492901,GREEN (Normal)
DIST_181,2023,4.33,4.79967789886117,111721.9,13.1,102.6,3.686,30.21372487415004,536229.1342487778,124422.21084877779,29861330.60370667,GREEN (Normal)
DIST_182,2023,4.663,4.934642600234603,136414.6,10.7,160.9,4.4498,10.895829031295854,673157.2964539633,66139.60937396332,15873506.249751197,GREEN (Normal)
DIST_183,2023,5.112,5.082701241374021,128419.0,39.3,145.5,5.292199999999999,-3.9586326787721178,652715.4107160105,-26903.62108398939,-6456869.060157454,YELLOW (Moderate)
DIST_184,2023,3.824,4.335056740891939,99971.0,7.5,108.9,3.5031999999999996,23.74562516818735,433379.95744370803,83161.55024370807,19958772.058489937,GREEN (Normal)
DIST_185,2023,5.437,5.32776062123558,166078.6,35.5,93.8,5.0969999999999995,4.527381228871501,884827.0251099354,38324.40090993547,9197856.218384514,GREEN (Normal)
DIST_186,2023,3.674,3.928706393434722,77647.7,21.0,128.0,3.969,-1.0152080263360468,305055.0154255013,-3128.7058744987007,-750889.4098796882,GREEN (Normal)
DIST_187,2023,4.699,5.13567908515541,61018.5,5.0,151.1,4.9403999999999995,3.952697861618714,313371.4342575554,11915.636857555422,2859752.8458133014,GREEN (Normal)
DIST_188,2023,4.233,3.656788096683786,55204.0,45.9,162.4,4.0324,-9.314847319616456,201869.33008933172,-20735.279510668275,-4976467.0825603865,YELLOW (Moderate)
DIST_189,2023,4.228,4.377950538656166,95158.1,6.9,102.5,4.4506,-1.632352072615682,416597.45515249734,-6913.18470750266,-1659164.3298006384,GREEN (Normal)
DIST_190,2023,5.704,5.383345550442401,118680.0,47.3,182.7,5.1166,5.213336013024298,638895.4499265042,31657.361926504178,7597766.862361003,GREEN (Normal)
DIST_191,2023,4.265,4.2360650807435904,162314.9,44.9,133.4,3.935,7.650955037956554,687576.4799743878,48867.34847438778,11728163.633853067,GREEN (Normal)
DIST_192,2023,5.545,4.8135637483027285,111599.0,45.6,136.8,5.2154,-7.704802157020964,537188.9007468362,-44844.52385316382,-10762685.724759316,YELLOW (Moderate)
DIST_193,2023,4.876,4.61370554266685,62690.7,9.3,140.7,4.8046,-3.97316024920181,289236.4300636647,-11967.307156335271,-2872153.717520465,YELLOW (Moderate)
DIST_194,2023,5.665,4.59255337031832,75624.4,17.4,156.9,5.2652,-12.775329136247063,347309.0930983007,-50868.49778169929,-12208439.46760783,RED (Deficit)
DIST_195,2023,5.144,5.247726006334486,122613.2,24.3,171.4,4.9382,6.267992514164793,643440.4783598916,37951.97411989153,9108473.788773967,GREEN (Normal)
DIST_196,2023,3.678,4.073252341318496,174719.6,26.1,133.6,3.2880000000000003,23.882370478056444,711677.0197742311,137198.9749742311,32927753.993815463,GREEN (Normal)
DIST_197,2023,4.4,4.653871187963492,138061.0,24.6,138.8,4.1892,11.0921223136516,642518.1100814277,64152.968881427776,15396712.531542666,GREEN (Normal)
DIST_198,2023,4.46,4.660204793839916,79478.6,11.1,140.1,3.9134,19.08327269995185,370386.55272768514,59354.9994876851,14245199.877044424,GREEN (Normal)
DIST_199,2023,3.431,3.632143352365538,138108.0,19.7,130.5,3.6518,-0.5382728417345406,501628.0541084997,-2714.7402915002895,-651537.6699600695,GREEN (Normal)
DIST_200,2023,5.373,5.635955516446851,127977.3,31.8,95.4,5.3342,5.656996671419344,721274.3699149735,38617.85625497345,9268285.501193628,GREEN (Normal)
DIST_201,2023,5.462,5.16565311595733,141277.8,31.9,159.7,5.337400000000001,-3.2178005029166035,729792.1077855964,-24264.021934403572,-5823365.264256857,YELLOW (Moderate)
DIST_202,2023,3.905,4.644836236050229,152657.7,18.4,148.9,4.1688,11.419023125365305,709070.016672085,72670.59691208496,17440943.25890039,GREEN (Normal)
DIST_203,2023,3.612,4.268487121078468,173767.6,37.2,163.8,3.6224,17.835885630478902,741724.7626607148,112269.00842071476,26944562.020971544,GREEN (Normal)
DIST_204,2023,4.582,4.631433280859632,67561.9,11.7,99.4,4.1408000000000005,11.848755816741484,312908.43217811035,33148.116658110346,7955547.997946483,GREEN (Normal)
DIST_205,2023,4.513,4.740244162181001,144416.3,11.8,186.5,4.1112,15.300743388329455,684568.52299878,90844.23043878004,21802615.30530721,GREEN (Normal)
DIST_206,2023,5.263,5.130436713319979,95254.9,3.7,110.1,4.997,2.6703364682805435,488699.2360836232,12710.500783623254,3050520.188069581,GREEN (Normal)
DIST_207,2023,3.719,3.887284889242572,168195.3,41.5,176.3,3.6342,6.96397802109329,653823.0481316212,42567.68887162127,10216245.329189105,GREEN (Normal)
DIST_208,2023,4.198,3.89707828791705,59166.1,13.2,96.7,3.8814,0.40393383616864054,230574.92369072896,927.6231507289631,222629.55617495114,GREEN (Normal)
DIST_209,2023,3.412,4.3197544072435,156824.0,19.5,188.4,3.9338,9.811236139191106,677441.1651615546,60526.91396155453,14526459.350773087,GREEN (Normal)
DIST_210,2023,4.517,4.667970969986697,91833.3,57.1,156.8,4.1457999999999995,12.595179940824384,428675.1784780793,47952.68333807937,11508644.001139048,GREEN (Normal)
DIST_211,2023,5.076,4.747401712755821,64405.1,17.3,175.7,4.5672,3.945562111486707,305756.8820502099,11605.90933020995,2785418.239250388,GREEN (Normal)
DIST_212,2023,4.222,3.956630637390285,126201.5,57.2,181.6,4.1944,-5.6687336117135905,499332.72138461005,-30006.850215389975,-7201644.051693594,YELLOW (Moderate)
DIST_213,2023,5.573,5.0269879206497965,138607.3,17.9,106.5,5.292,-5.007786835793714,696777.2228138825,-36732.6087861174,-8815826.108668176,YELLOW (Moderate)
DIST_214,2023,3.477,4.151815738546733,57712.1,16.6,166.3,3.414,21.61147447412809,239610.00508458292,42580.89568458291,10219414.964299899,GREEN (Normal)
DIST_215,2023,4.964,5.361011769446582,70278.3,14.3,176.9,4.2918,24.912898304827394,376762.79343669774,75142.38549669774,18034172.519207455,GREEN (Normal)
DIST_216,2023,5.622,5.58998500578414,148789.6,30.0,161.3,5.3972,3.5719448192422,831731.6330166198,28684.4038966198,6884256.935188752,GREEN (Normal)
DIST_217,2023,4.125,4.414457657308863,71603.6,38.8,130.9,3.9216,12.567769719218248,316091.06031088094,35290.382550880895,8469691.812211415,GREEN (Normal)
DIST_218,2023,5.472,5.478620872749511,88847.3,23.4,179.5,5.081,7.825642053719951,486760.6722674377,35327.54096743761,8478609.832185026,GREEN (Normal)
DIST_219,2023,5.416,4.682573927923775,61815.0,36.0,118.5,5.0676000000000005,-7.597799196389331,289453.30735460814,-23800.386645391874,-5712092.79489405,YELLOW (Moderate)
DIST_220,2023,4.737,4.893436170324707,56286.3,30.9,119.5,4.7644,2.7083404064458585,275433.4163137475,7262.96859374753,1743112.4624994071,GREEN (Normal)
DIST_221,2023,4.565,4.2276423199085,140098.3,18.0,108.4,4.5074,-6.206630875704389,592285.502027237,-39193.5753927629,-9406458.094263095,YELLOW (Moderate)
DIST_222,2023,4.782,4.455150534919377,143353.3,28.3,105.3,5.0342,-11.502313477426865,638660.5311774579,-83008.65168254205,-19922076.40381009,RED (Deficit)
DIST_223,2023,5.364,4.657452019626263,82758.8,21.0,118.9,5.4056,-13.840239388296144,385445.140201846,-61915.829078154,-14859798.97875696,RED (Deficit)
DIST_224,2023,5.861,4.989504574303744,132116.3,35.1,105.3,5.3832,-7.313408858973401,659194.8831900858,-52013.58296991419,-12483259.912779406,YELLOW (Moderate)
DIST_225,2023,4.691,4.317425479534152,73547.0,0.0,160.2,4.7748,-9.578925200340285,317533.69174329826,-33638.52385670174,-8073245.725608417,YELLOW (Moderate)
DIST_226,2023,4.476,3.933070976880994,168569.4,0.0,180.0,4.4526,-11.667992254390832,662995.414730243,-87576.69570975704,-21018406.97034169,RED (Deficit)
DIST_227,2023,5.311,5.239510863879295,69399.9,13.8,165.9,5.138199999999999,1.9717189653827392,363621.53000213666,7030.9638221367495,1687431.3173128199,GREEN (Normal)
DIST_228,2023,4.453,3.971840471405602,172773.8,40.9,97.4,4.2736,-7.0610148023773425,686229.9712385371,-52136.14044146286,-12512673.705951087,YELLOW (Moderate)
DIST_229,2023,3.887,4.690967461050434,141106.1,29.4,164.7,4.191599999999999,11.913528510602985,661924.1236557286,70463.7948957287,16911310.77497489,GREEN (Normal)
DIST_230,2023,4.44,4.169897605450648,149257.3,17.9,124.8,4.3672,-4.517823652439843,622387.6578660288,-29448.82269397122,-7067717.446553092,YELLOW (Moderate)
DIST_231,2023,4.962,4.858300117581416,131206.9,38.0,151.8,5.2158,-6.854171602028132,637442.4976974932,-46906.451322506764,-11257548.317401623,YELLOW (Moderate)
DIST_232,2023,4.661,5.218540817503918,67128.8,7.8,91.9,4.0812,27.867804016071695,350314.382830057,76348.32427005697,18323597.82481367,GREEN (Normal)
DIST_233,2023,4.015,4.221751053336015,103077.0,55.2,130.0,3.6894,14.429204026020898,435165.4333247164,54873.14952471643,13169555.885931943,GREEN (Normal)
DIST_234,2023,4.952,5.286711922669281,153656.0,32.3,96.0,4.8824,8.281007755802092,812335.007189671,62124.95278967114,14909988.669521073,GREEN (Normal)
DIST_235,2023,3.587,4.417551445008419,50363.4,34.9,176.6,3.8764000000000003,13.960154911990989,222482.910445537,27254.226685536996,6541014.404528879,GREEN (Normal)
DIST_236,2023,4.719,4.458682083034583,168340.4,24.6,156.1,4.4474,0.25367817229354733,750576.3253308749,1899.230370874866,455815.2890099678,GREEN (Normal)
DIST_237,2023,5.442,5.603936654386118,99633.5,0.0,91.0,5.5038,1.8194093968915612,558339.8226547793,9976.96535477927,2394471.6851470247,GREEN (Normal)
DIST_238,2023,5.267,4.409179520529008,58876.1,40.5,107.8,5.3956,-18.281942313570163,259595.29436861794,-58076.59079138207,-13938381.789931696,RED (Deficit)
DIST_239,2023,3.912,4.882900831325888,112979.5,32.3,95.2,4.2136,15.884299205569793,551667.6944727832,75617.27327278332,18148145.585467998,GREEN (Normal)
DIST_240,2023,4.088,5.259193193777898,105868.0,34.2,128.3,3.8286000000000002,37.36596128553252,556780.2650388785,151454.04023887852,36348969.65733084,GREEN (Normal)
DIST_241,2023,3.447,4.886271950717742,173245.4,15.6,105.6,3.4032000000000004,43.57874796420255,846524.1386108755,256935.39333087543,61664494.399410106,GREEN (Normal)
DIST_242,2023,5.24,5.240999617896316,77720.8,1.9,184.9,5.1212,2.339288016408574,407334.683102596,9310.922142596042,2234621.31422305,GREEN (Normal)
DIST_243,2023,5.016,4.546062180955471,84051.1,35.5,186.3,4.899800000000001,-7.219433834942849,382101.5269777064,-29732.052802293678,-7135692.672550483,YELLOW (Moderate)
DIST_244,2023,5.342,5.263550715479163,119952.4,35.4,178.9,4.6338,13.59037324612982,631375.5408434428,75540.10972344282,18129626.333626278,GREEN (Normal)
DIST_245,2023,4.686,4.656036414140961,55034.4,33.0,132.3,4.2466,9.641511188738308,256242.1704303993,22533.087390399305,5407940.973695833,GREEN (Normal)
DIST_246,2023,4.188,3.935176153424591,109265.8,72.5,134.4,3.9318,0.08586788302027258,429980.1705448607,368.8981048606802,88535.54516656324,GREEN (Normal)
DIST_247,2023,4.894,4.739026557919962,130950.8,28.9,138.7,4.947,-4.2040315763096485,620579.3189808653,-27234.28861913469,-6536229.268592326,YELLOW (Moderate)
DIST_248,2023,4.348,4.9474514036882855,127236.8,38.3,127.2,4.7488,4.183191620794419,629497.8847608056,25275.768920805654,6066184.540993357,GREEN (Normal)
DIST_249,2023,4.437,3.780311741017756,171401.7,26.8,156.4,4.2954,-11.99162497048573,647951.8589404031,-88287.00323959696,-21188880.77750327,RED (Deficit)
DIST_250,2023,3.678,4.4117676327278765,150303.5,24.6,186.4,3.6835999999999998,19.76782584232481,663104.1163857144,109446.1437857144,26267074.508571457,GREEN (Normal)
DIST_251,2023,4.711,4.808128025921331,109875.5,17.7,184.3,4.3793999999999995,9.789652142332999,528295.4709121191,47106.7062121192,11305609.490908608,GREEN (Normal)
DIST_252,2023,3.927,4.897303786537004,85002.1,33.1,175.5,3.597,36.14967435465678,416281.10619359714,110528.55249359709,26526852.5984633,GREEN (Normal)
DIST_253,2023,4.535,3.780221555633388,114271.5,8.1,98.2,4.6652000000000005,-18.96978574051729,431971.5874945607,-101127.81430543942,-24270675.43330546,RED (Deficit)
DIST_254,2023,4.919,4.53752110334886,112806.0,25.9,133.4,4.2764,6.106096327491823,511859.6055843715,29456.027184371487,7069446.524249157,GREEN (Normal)
DIST_255,2023,4.535,4.491347516794591,50289.8,36.7,154.4,4.1974,7.003085643364733,225868.96835009666,14782.561830096645,3547814.839223195,GREEN (Normal)
DIST_256,2023,4.965,4.829297506271237,146976.5,0.0,95.3,4.7826,0.976404179133452,709793.2449304744,6863.436030474375,1647224.64731385,GREEN (Normal)
DIST_257,2023,5.207,5.463165996669607,114008.5,39.6,184.7,5.2418,4.223091240978438,622847.360531307,25237.60523130698,6057025.2555136755,GREEN (Normal)
DIST_258,2023,5.369,5.121695369414439,154887.4,22.2,129.3,5.0956,0.5121157354274127,793286.079360642,4041.8439206420444,970042.5409540907,GREEN (Normal)
DIST_259,2023,4.066,4.244216391086375,167155.0,17.1,169.8,3.4302,23.73087257554587,709441.9908520429,136066.9098520429,32656058.3644903,GREEN (Normal)
DIST_260,2023,4.522,4.629071367327367,130682.6,37.2,96.4,4.9872,-7.180955900558075,604939.0818678954,-46801.18085210456,-11232283.404505095,YELLOW (Moderate)
DIST_261,2023,4.753,4.705099662922909,150357.2,8.9,97.0,4.715,-0.20997533567530657,707445.6110380325,-1488.5869619676378,-357260.87087223306,GREEN (Normal)
DIST_262,2023,4.072,5.091470688133575,46620.7,6.5,180.7,3.743,36.026467756707866,237367.92751026896,62866.64741026898,15087995.378464555,GREEN (Normal)
DIST_263,2023,3.427,3.5688033592468797,57708.9,37.2,105.9,3.3928,5.187554799778352,205951.71617844226,10156.960258442268,2437670.4620261444,GREEN (Normal)
DIST_264,2023,3.347,3.390636309663433,159374.1,27.0,156.1,3.3652,0.7558632373538775,540379.610279931,4053.888959930977,972933.3503834344,GREEN (Normal)
DIST_265,2023,4.131,4.00761794865017,62835.6,46.9,177.7,4.248600000000001,-5.67203434895803,251821.0783742026,-15142.251785797416,-3634140.42859138,YELLOW (Moderate)
DIST_266,2023,4.782,5.216769339372608,114472.0,25.2,172.6,4.8682,7.160127755075957,597174.0198166611,39901.42941666115,9576343.059998676,GREEN (Normal)
DIST_267,2023,3.216,3.978536958375469,178663.2,29.9,172.1,3.7640000000000002,5.699706651845606,710818.1443016281,38329.85950162797,9199166.280390713,GREEN (Normal)
DIST_268,2023,3.539,4.25986869349918,173573.3,35.2,145.6,3.6012,18.290255845251025,739399.4666973412,114327.29873734119,27438551.696961887,GREEN (Normal)
DIST_269,2023,4.535,4.492048342303884,143534.7,34.0,172.7,3.595,24.95266598898148,644764.8111980854,128757.56469808536,30901815.527540486,GREEN (Normal)
DIST_270,2023,4.996,4.947380863566037,64220.6,39.0,142.5,4.8870000000000005,1.2355404863113726,317723.767486729,3877.695286729024,930646.8688149657,GREEN (Normal)
DIST_271,2023,3.975,4.555599409859424,57747.8,7.8,91.1,3.6752000000000002,23.955142845543737,263075.84360068006,50841.12904068004,12201870.96976321,GREEN (Normal)
DIST_272,2023,4.23,4.611158224976809,89891.3,26.8,111.7,4.391,5.013851627802534,414503.0073488579,19790.30904885789,4749674.171725893,GREEN (Normal)
DIST_273,2023,5.546,4.655916797373756,68749.6,48.6,125.6,5.493,-15.23908979840241,320092.4174527268,-57549.13534727326,-13811792.483345583,RED (Deficit)
DIST_274,2023,3.24,4.402506905802814,60834.1,36.1,186.5,3.4484000000000004,27.668104216529795,267822.5453582989,58042.2349182989,13930136.380391736,GREEN (Normal)
DIST_275,2023,3.614,4.017852395666684,175768.8,0.2,170.3,3.7846,6.163198109884364,706213.0941634582,40998.49368345819,9839638.484029965,GREEN (Normal)
DIST_276,2023,5.116,4.811705638293784,51259.7,20.7,140.1,5.4388,-11.530013269585492,246646.58750724787,-32144.668852752075,-7714720.524660498,RED (Deficit)
DIST_277,2023,4.346,5.045131963837104,62486.0,50.0,173.8,3.9147999999999996,28.873300394326773,315250.1158923253,70629.9230923253,16951181.542158075,GREEN (Normal)
DIST_278,2023,4.668,5.0071783203238285,177230.0,34.8,142.4,4.1276,21.309679240329203,887422.2137109921,155887.66571099206,37413039.77063809,GREEN (Normal)
DIST_279,2023,3.61,3.5771616898946133,134257.5,34.2,97.8,3.3844000000000003,5.695594193789533,480260.78558102605,25879.70258102601,6211128.619446242,GREEN (Normal)
DIST_280,2023,3.926,3.903863743623183,63174.8,23.8,134.5,3.6536,6.849784968885015,246625.81123064586,15810.361950645864,3794486.8681550073,GREEN (Normal)
DIST_281,2023,5.184,5.025714631183723,120216.1,6.0,104.4,4.6784,7.423790851225269,604171.8126738456,41752.8104338455,10020674.50412292,GREEN (Normal)
DIST_282,2023,4.055,4.082023178801307,153809.8,0.0,91.0,4.232,-3.543875737209206,627855.1687267931,-23067.904873206862,-5536297.169569647,YELLOW (Moderate)
DIST_283,2023,4.443,3.736962241798953,64646.5,17.9,141.3,4.2016,-11.058590970131545,241581.52956445602,-30037.20483554399,-7208929.160530558,RED (Deficit)
DIST_284,2023,4.33,4.223540239785484,64564.4,16.5,174.9,4.2066,0.4027062184539502,272690.3414576059,1093.736417605891,262496.7402254138,GREEN (Normal)
DIST_285,2023,5.075,4.92146235101638,123661.5,38.3,176.0,5.1668,-4.748348087474255,608595.4165202121,-30338.821679787943,-7281317.203149106,YELLOW (Moderate)
DIST_286,2023,4.085,4.463405668619185,144692.6,20.5,152.3,4.269,4.553892448329459,645821.7710472483,28129.06164724822,6750974.795339573,GREEN (Normal)
DIST_287,2023,3.958,4.87755025762883,82909.7,36.7,175.2,4.0404,20.719489595803132,404396.228594929,69407.876714929,16657890.411582962,GREEN (Normal)
DIST_288,2023,5.071,4.846543966223583,79748.7,32.9,115.9,4.860200000000001,-0.2809767864782793,386505.58079917467,-1089.050940825371,-261372.22579808906,GREEN (Normal)
DIST_289,2023,4.619,4.660309250324375,67846.1,0.0,160.0,4.7512,-1.913006181083192,316183.8074284326,-6166.582891567377,-1479979.8939761706,GREEN (Normal)
DIST_290,2023,4.729,4.810719520840511,50315.8,20.5,104.6,4.473,7.550179316801052,242055.20126670698,16992.627866706986,4078230.6880096765,GREEN (Normal)
DIST_291,2023,5.145,5.175589824712534,116054.9,26.5,118.8,5.0656,2.171308921204485,600652.5595480306,12764.858108030632,3063565.9459273517,GREEN (Normal)
DIST_292,2023,4.941,4.762938097515377,128074.0,32.3,183.7,4.8584000000000005,-1.9648835518817565,610008.5339011844,-12226.1876988156,-2934285.047715744,GREEN (Normal)
DIST_293,2023,5.43,4.716106411476813,123403.1,20.0,96.0,4.982,-5.3370852774626005,581982.1511061144,-32812.09309388569,-7874902.342532566,YELLOW (Moderate)
DIST_294,2023,4.434,4.355299590562744,114121.8,37.0,106.8,4.606199999999999,-5.447015097851924,497034.62881428335,-28633.20634571655,-6871969.522971972,YELLOW (Moderate)
DIST_295,2023,5.278,5.017260569395586,86493.7,38.2,153.6,4.9996,0.3532396470834871,433961.430511131,1527.5279911310063,366606.7178714415,GREEN (Normal)
DIST_296,2023,4.17,3.6195679399296696,60815.7,19.9,112.7,4.5174,-19.874973658970436,220126.5579643808,-54602.285215619224,-13104548.451748613,RED (Deficit)
DIST_297,2023,5.327,4.407759514536019,49853.0,17.4,90.8,5.1899999999999995,-15.072071010866683,219740.03507816413,-38997.034921835846,-9359288.381240603,RED (Deficit)
DIST_298,2023,4.459,4.899620788852553,83475.4,8.6,123.5,4.4174,10.916394006713293,408997.80519778235,40253.5732377824,9660857.577067778,GREEN (Normal)
DIST_299,2023,4.286,4.3380194537417065,120612.5,23.4,186.2,4.1686,4.064181109766034,523219.37136442156,20434.103864421602,4904184.927461185,GREEN (Normal)
DIST_300,2023,4.994,5.016707373390947,54706.7,43.7,156.3,5.1114,-1.852577114079369,274447.5052638865,-5180.321116113511,-1243277.0678672427,GREEN (Normal)
DIST_301,2023,4.466,4.352848898597416,175042.6,40.8,185.3,4.5074,-3.4288303989569107,761933.988617628,-27053.02662237198,-6492726.389369275,YELLOW (Moderate)
DIST_302,2023,4.787,5.414507233186514,87967.0,24.7,175.1,4.473000000000001,21.048675009758846,476297.95778171805,82821.566781718,19877176.027612317,GREEN (Normal)
DIST_303,2023,4.03,4.481540654297409,113313.3,18.3,123.4,3.5656,25.688261563198594,507818.1606225986,103788.25814259861,24909181.954223666,GREEN (Normal)
DIST_304,2023,5.673,5.121736492047313,78297.4,3.6,135.9,5.3676,-4.580510990995733,401018.6508124253,-19250.473427574674,-4620113.622617922,YELLOW (Moderate)
DIST_305,2023,3.98,4.559898135472229,116891.6,13.5,174.2,3.8274,19.13826972545931,533013.7888923656,85622.8790523656,20549490.972567745,GREEN (Normal)
DIST_306,2023,5.396,5.094271059001184,88852.8,5.8,136.5,5.2496,-2.9588719330771043,452640.24755122047,-13801.411328779534,-3312338.718907088,GREEN (Normal)
DIST_307,2023,4.409,3.8936226645075953,94528.7,44.9,184.7,4.2170000000000005,-7.668421519857842,368059.0887664391,-30568.439133560925,-7336425.392054622,YELLOW (Moderate)
DIST_308,2023,4.349,4.859144954574102,130768.3,15.7,145.8,4.244400000000001,14.483671533646719,635422.1251632326,80389.15264323249,19293396.634375796,GREEN (Normal)
DIST_309,2023,4.38,4.924648594655322,147795.6,19.0,124.9,4.256600000000001,15.694417954595712,727841.39383624,98734.64287623996,23696314.29029759,GREEN (Normal)
DIST_310,2023,3.971,4.316997971273259,160329.0,13.9,159.5,3.4104,26.583332491005713,692139.9677362703,145353.9461362703,34884947.072704874,GREEN (Normal)
DIST_311,2023,4.574,4.29707683763916,151982.1,9.5,115.6,4.272399999999999,0.5775872493015886,653078.7616457586,3750.4376057586633,900105.0253820792,GREEN (Normal)
DIST_312,2023,3.979,4.758327206481221,129803.1,33.2,189.2,4.1362,15.04103298876315,617645.6222156025,80754.03999560256,19380969.598944616,GREEN (Normal)
DIST_313,2023,4.874,4.983379841859273,88983.0,6.5,102.0,4.0632,22.646678525774586,443436.0884681637,81880.36286816368,19651287.08835928,GREEN (Normal)
DIST_314,2023,4.176,4.25356376135079,126843.5,19.9,159.0,4.3096,-1.3002654225266725,539536.9149628989,-7107.832637101063,-1705879.832904255,GREEN (Normal)
DIST_315,2023,4.283,5.010720584892838,124569.5,21.2,165.8,4.5784,9.442612809995587,624182.9578998084,53853.95909980836,12924950.183954006,GREEN (Normal)
DIST_316,2023,3.643,3.609352537004582,106880.5,29.3,144.5,3.5844,0.6961426460378863,385769.40383131825,2666.939631318266,640065.5115163838,GREEN (Normal)
DIST_317,2023,5.104,5.232101112531249,92024.9,22.4,134.0,4.587,14.063682418383467,481483.58167057694,59365.36537057697,14247687.688938472,GREEN (Normal)
DIST_318,2023,5.14,4.785332086142588,122222.2,41.1,136.2,4.9192,-2.7213350515818093,584873.8152989366,-16361.630941063398,-3926791.4258552156,GREEN (Normal)
DIST_319,2023,3.834,3.798485905408538,168224.5,47.6,153.0,3.9948,-4.914240877927864,638998.3921943986,-33024.840405601426,-7925961.697344342,YELLOW (Moderate)
DIST_320,2023,4.543,4.771425939718563,169143.2,12.7,148.2,4.625,3.1659662641851507,807054.2520070049,24766.952007004875,5944068.48168117,GREEN (Normal)
