district_id,date,t_max,t_min,precip_mm,rh_min,solar_radiation_mj
DIST_001,2023-03-01,17.4,4.7,11.3,90.2,11.96
DIST_001,2023-03-02,20.8,6.2,0.0,37.3,19.43
DIST_001,2023-03-03,19.8,9.1,0.0,35.5,24.92
DIST_001,2023-03-04,20.8,7.4,1.0,71.3,28.87
DIST_001,2023-03-05,21.5,7.1,0.0,20.7,18.71
DIST_001,2023-03-06,18.3,2.5,0.0,49.3,19.87
DIST_001,2023-03-07,19.8,10.3,23.1,58.1,7.73
DIST_001,2023-03-08,22.7,7.9,0.0,39.1,18.95
DIST_001,2023-03-09,24.3,10.5,4.5,79.9,20.65
DIST_001,2023-03-10,24.5,13.9,0.0,15.0,16.98
DIST_001,2023-03-11,19.3,3.6,0.0,36.9,17.39
DIST_001,2023-03-12,23.9,15.5,4.7,68.5,22.01
DIST_001,2023-03-13,25.1,11.5,32.4,25.6,6.92
DIST_001,2023-03-14,22.9,7.4,0.0,74.6,19.85
DIST_001,2023-03-15,20.4,5.5,0.0,42.0,29.3
DIST_001,2023-03-16,24.6,9.7,0.0,61.9,18.92
DIST_001,2023-03-17,19.7,5.4,0.0,35.8,20.12
DIST_001,2023-03-18,24.1,11.8,0.0,29.1,24.28
DIST_001,2023-03-19,22.1,12.5,23.4,70.1,15.76
DIST_001,2023-03-20,18.6,3.6,0.0,16.3,22.69
DIST_001,2023-03-21,21.5,10.2,0.0,28.9,25.06
DIST_001,2023-03-22,22.1,6.3,0.2,56.1,24.22
DIST_001,2023-03-23,20.2,4.9,0.0,15.0,19.54
DIST_001,2023-03-24,20.8,9.0,0.0,20.0,16.01
DIST_001,2023-03-25,22.0,10.1,0.0,29.1,21.46
DIST_001,2023-03-26,21.5,13.3,0.0,55.7,25.91
DIST_001,2023-03-27,27.0,15.8,0.0,34.1,22.81
DIST_001,2023-03-28,30.3,20.8,0.0,32.9,18.55
DIST_001,2023-03-29,21.9,8.9,0.0,39.0,17.41
DIST_001,2023-03-30,22.8,7.7,0.0,31.9,18.43
DIST_001,2023-03-31,27.3,14.3,0.0,62.2,19.51
DIST_001,2023-04-01,28.2,14.6,0.0,54.3,20.05
DIST_001,2023-04-02,22.8,7.3,2.9,50.6,11.99
DIST_001,2023-04-03,24.1,11.1,0.9,71.3,12.95
DIST_001,2023-04-04,31.7,19.3,17.4,83.7,10.45
DIST_001,2023-04-05,28.6,16.7,0.0,15.0,22.4
DIST_001,2023-04-06,28.4,15.3,0.0,39.2,21.43
DIST_001,2023-04-07,34.4,20.0,26.0,81.7,15.1
DIST_001,2023-04-08,27.2,15.9,0.0,25.7,17.72
DIST_001,2023-04-09,27.5,15.4,9.9,60.0,14.76
DIST_001,2023-04-10,33.5,23.2,0.0,39.8,16.63
DIST_001,2023-04-11,26.8,17.9,0.0,17.2,20.07
DIST_001,2023-04-12,26.9,14.1,11.0,58.1,14.49
DIST_001,2023-04-13,27.3,17.6,7.1,80.5,15.41
DIST_001,2023-04-14,26.6,13.4,0.0,15.0,15.97
DIST_001,2023-04-15,26.3,10.4,0.0,15.0,22.7
DIST_001,2023-04-16,22.1,12.5,0.0,66.5,14.18
DIST_001,2023-04-17,30.9,15.8,0.5,72.1,24.03
DIST_001,2023-04-18,31.2,19.2,0.0,16.9,20.49
DIST_001,2023-04-19,24.1,14.5,0.0,42.8,29.71
DIST_001,2023-04-20,30.6,16.4,6.7,85.9,13.07
DIST_001,2023-04-21,24.3,10.7,0.0,19.8,26.45
DIST_001,2023-04-22,24.3,8.8,0.0,56.7,27.8
DIST_001,2023-04-23,29.8,14.5,0.0,20.5,14.28
DIST_001,2023-04-24,31.5,16.0,9.9,45.3,18.48
DIST_001,2023-04-25,28.1,12.9,0.0,20.1,22.91
DIST_001,2023-04-26,29.5,15.5,0.0,26.8,21.6
DIST_001,2023-04-27,28.0,13.3,0.0,35.9,26.48
DIST_001,2023-04-28,30.4,17.3,0.0,15.0,21.01
DIST_001,2023-04-29,29.0,14.8,8.3,46.5,14.26
DIST_001,2023-04-30,26.3,15.9,0.0,43.8,27.53
DIST_001,2023-05-01,30.0,20.2,7.9,72.2,10.59
DIST_001,2023-05-02,33.5,25.0,0.0,42.4,20.89
DIST_001,2023-05-03,29.2,20.5,10.5,67.0,17.75
DIST_001,2023-05-04,24.0,15.9,26.3,81.7,15.95
DIST_001,2023-05-05,26.2,10.6,0.0,22.7,27.17
DIST_001,2023-05-06,26.2,11.6,4.0,55.4,22.7
DIST_001,2023-05-07,29.1,18.1,0.0,27.1,25.67
DIST_001,2023-05-08,28.0,14.4,5.6,42.9,9.07
DIST_001,2023-05-09,27.1,13.8,0.0,36.5,31.93
DIST_001,2023-05-10,27.2,17.9,11.6,52.1,10.21
DIST_001,2023-05-11,30.9,18.0,0.0,34.7,18.79
DIST_001,2023-05-12,26.5,14.5,8.9,59.8,6.0
DIST_001,2023-05-13,26.9,17.3,0.0,43.6,18.89
DIST_001,2023-05-14,31.0,20.8,0.0,16.5,12.63
DIST_001,2023-05-15,33.3,20.0,0.0,43.5,25.16
DIST_001,2023-05-16,32.8,18.2,0.0,36.7,22.45
DIST_001,2023-05-17,27.5,16.7,0.0,54.8,27.36
DIST_001,2023-05-18,33.4,24.5,11.9,82.4,19.78
DIST_001,2023-05-19,28.3,19.3,9.8,38.8,14.02
DIST_001,2023-05-20,28.5,20.2,10.3,63.7,12.37
DIST_001,2023-05-21,31.7,23.4,0.0,18.7,20.54
DIST_001,2023-05-22,30.8,15.0,0.0,23.3,21.84
DIST_001,2023-05-23,30.8,15.6,1.5,51.2,27.79
DIST_001,2023-05-24,33.3,22.7,0.0,16.8,25.94
DIST_001,2023-05-25,27.8,17.3,0.0,17.0,23.87
DIST_001,2023-05-26,27.8,15.2,0.0,22.4,25.75
DIST_001,2023-05-27,26.7,11.6,6.5,88.8,20.87
DIST_001,2023-05-28,30.3,17.1,4.9,54.7,26.01
DIST_001,2023-05-29,28.4,18.8,0.0,43.5,23.95
DIST_001,2023-05-30,26.2,11.7,0.0,50.5,20.49
DIST_001,2023-05-31,30.5,22.2,0.0,37.6,27.03
DIST_001,2023-06-01,33.2,19.5,0.0,17.3,21.4
DIST_001,2023-06-02,31.5,23.2,0.0,42.4,18.6
DIST_001,2023-06-03,28.8,14.2,0.0,46.3,27.22
DIST_001,2023-06-04,33.4,21.4,0.0,37.7,23.28
DIST_001,2023-06-05,29.7,17.5,50.9,73.1,13.36
DIST_001,2023-06-06,28.4,18.0,0.0,31.7,24.77
DIST_001,2023-06-07,29.4,14.6,0.0,47.0,19.99
DIST_001,2023-06-08,24.2,12.8,4.1,56.8,17.83
DIST_001,2023-06-09,25.6,11.9,0.0,58.1,19.29
DIST_001,2023-06-10,23.1,13.8,0.0,21.7,24.84
DIST_001,2023-06-11,28.4,13.9,0.0,17.7,24.15
DIST_001,2023-06-12,22.4,10.2,1.6,51.7,17.71
DIST_001,2023-06-13,29.8,16.3,0.0,15.0,19.6
DIST_001,2023-06-14,32.9,21.9,0.0,37.7,23.42
DIST_001,2023-06-15,31.8,21.2,0.0,47.0,22.7
DIST_001,2023-06-16,34.0,21.7,0.0,27.0,26.14
DIST_001,2023-06-17,31.1,21.2,0.0,42.7,25.39
DIST_001,2023-06-18,29.9,21.6,0.0,52.1,22.08
DIST_001,2023-06-19,31.1,21.7,0.0,41.9,25.23
DIST_001,2023-06-20,26.7,17.5,25.3,75.4,15.52
DIST_001,2023-06-21,28.4,18.1,4.0,49.5,18.91
DIST_001,2023-06-22,28.5,16.0,0.0,35.9,21.46
DIST_001,2023-06-23,31.4,19.5,0.0,42.8,22.42
DIST_001,2023-06-24,31.6,20.0,14.9,75.4,14.41
DIST_001,2023-06-25,26.3,11.9,0.0,28.4,24.67
DIST_001,2023-06-26,26.7,14.0,8.4,65.2,17.08
DIST_001,2023-06-27,22.4,9.3,0.0,34.9,20.57
DIST_001,2023-06-28,25.1,15.9,0.0,45.1,22.25
DIST_001,2023-06-29,33.1,18.0,0.0,15.0,26.57
DIST_001,2023-06-30,30.9,20.2,8.4,45.2,10.76
DIST_001,2023-07-01,28.5,13.6,33.6,72.0,16.31
DIST_001,2023-07-02,30.0,18.9,0.0,55.1,23.73
DIST_001,2023-07-03,24.5,10.0,0.0,40.6,23.89
DIST_001,2023-07-04,29.6,20.9,0.0,45.1,21.9
DIST_001,2023-07-05,25.2,10.0,13.9,55.1,16.39
DIST_001,2023-07-06,22.7,9.8,0.0,16.2,14.16
DIST_001,2023-07-07,24.2,15.4,0.0,61.1,14.83
DIST_001,2023-07-08,24.9,13.3,1.3,61.3,20.97
DIST_001,2023-07-09,26.6,13.6,0.0,15.1,27.58
DIST_001,2023-07-10,24.0,14.6,0.0,27.8,18.29
DIST_001,2023-07-11,35.1,22.6,6.6,61.3,20.02
DIST_001,2023-07-12,33.0,24.1,3.5,91.3,21.64
DIST_001,2023-07-13,24.0,12.5,16.7,63.3,13.73
DIST_001,2023-07-14,23.2,9.7,0.9,55.4,22.36
DIST_001,2023-07-15,31.4,20.8,0.0,42.7,21.79
DIST_001,2023-07-16,29.1,13.2,14.8,77.9,15.41
DIST_001,2023-07-17,25.9,16.8,0.0,27.7,25.36
DIST_001,2023-07-18,26.1,15.7,4.2,81.6,23.25
DIST_001,2023-07-19,28.6,18.7,0.0,31.9,18.39
DIST_001,2023-07-20,29.1,20.9,0.0,21.2,25.22
DIST_001,2023-07-21,31.7,17.5,0.0,44.1,23.44
DIST_001,2023-07-22,24.7,13.1,0.0,15.0,20.73
DIST_001,2023-07-23,27.4,14.8,0.0,24.2,32.0
DIST_001,2023-07-24,24.3,14.4,0.0,22.7,15.89
DIST_001,2023-07-25,21.7,10.5,0.0,35.0,22.83
DIST_001,2023-07-26,23.6,14.2,0.0,32.2,25.12
DIST_001,2023-07-27,23.6,14.5,0.0,45.6,17.7
DIST_001,2023-07-28,20.2,9.2,0.0,20.1,25.28
DIST_001,2023-07-29,24.9,13.4,1.7,59.2,15.64
DIST_001,2023-07-30,25.0,10.0,0.2,69.5,21.87
DIST_001,2023-07-31,20.4,12.3,0.0,54.5,24.33
DIST_001,2023-08-01,21.0,8.4,0.9,72.5,27.97
DIST_001,2023-08-02,22.9,9.7,4.1,75.4,26.11
DIST_001,2023-08-03,25.7,15.1,0.0,18.0,27.32
DIST_001,2023-08-04,24.1,10.9,0.0,51.0,26.71
DIST_001,2023-08-05,23.4,13.0,25.4,58.2,18.4
DIST_001,2023-08-06,25.4,16.8,0.0,20.0,22.74
DIST_001,2023-08-07,21.2,13.0,0.0,32.7,30.2
DIST_001,2023-08-08,22.3,9.2,14.9,36.0,12.17
DIST_001,2023-08-09,28.5,17.7,0.0,46.4,21.04
DIST_001,2023-08-10,22.5,10.8,0.0,22.9,17.58
DIST_001,2023-08-11,24.2,9.2,0.0,16.9,29.15
DIST_001,2023-08-12,27.8,18.0,14.6,65.5,7.69
DIST_001,2023-08-13,22.9,11.1,0.0,61.4,27.78
DIST_001,2023-08-14,23.9,12.3,0.0,39.6,20.82
DIST_001,2023-08-15,20.1,11.5,0.0,29.7,27.2
DIST_001,2023-08-16,20.4,5.6,0.0,29.9,24.96
DIST_001,2023-08-17,17.6,7.6,0.3,48.1,22.99
DIST_001,2023-08-18,25.1,15.4,0.0,16.6,18.09
DIST_001,2023-08-19,17.9,8.1,0.9,76.3,20.28
DIST_001,2023-08-20,23.6,14.8,0.0,40.6,25.03
DIST_001,2023-08-21,18.4,2.7,0.0,34.7,21.78
DIST_001,2023-08-22,20.4,10.0,0.0,29.2,27.62
DIST_001,2023-08-23,19.4,10.2,11.8,47.7,14.96
DIST_001,2023-08-24,19.4,8.4,0.0,48.3,24.45
DIST_001,2023-08-25,14.8,3.7,28.2,81.6,9.72
DIST_001,2023-08-26,17.9,8.0,0.0,15.0,22.06
DIST_001,2023-08-27,23.2,11.2,0.0,40.8,18.38
DIST_001,2023-08-28,25.0,16.8,0.0,32.5,26.8
DIST_001,2023-08-29,20.4,7.0,0.0,31.7,25.72
DIST_001,2023-08-30,20.7,5.7,9.8,50.6,18.66
DIST_001,2023-08-31,22.9,10.1,0.0,35.2,26.5
DIST_002,2023-03-01,21.1,7.6,0.0,39.4,18.06
DIST_002,2023-03-02,16.8,1.9,0.0,37.2,15.69
DIST_002,2023-03-03,16.8,3.6,4.3,75.4,18.45
DIST_002,2023-03-04,21.5,11.7,0.0,34.8,30.21
DIST_002,2023-03-05,18.5,5.9,7.9,48.0,11.43
DIST_002,2023-03-06,13.0,4.2,39.9,64.2,15.38
DIST_002,2023-03-07,22.5,13.6,0.0,52.1,25.41
DIST_002,2023-03-08,15.9,3.2,0.0,41.7,23.46
DIST_002,2023-03-09,21.4,10.8,10.2,67.7,10.29
DIST_002,2023-03-10,25.9,11.1,0.0,15.0,31.12
DIST_002,2023-03-11,19.7,4.5,0.0,58.7,27.58
DIST_002,2023-03-12,25.7,16.2,0.0,33.8,16.8
DIST_002,2023-03-13,22.4,11.7,0.0,22.7,15.03
DIST_002,2023-03-14,26.1,10.2,10.3,46.3,10.06
DIST_002,2023-03-15,20.8,9.8,0.0,21.7,23.57
DIST_002,2023-03-16,24.0,10.8,0.0,32.4,28.82
DIST_002,2023-03-17,18.7,5.2,0.0,20.9,25.27
DIST_002,2023-03-18,23.0,14.9,0.0,40.5,25.98
DIST_002,2023-03-19,23.2,13.2,9.7,75.2,19.52
DIST_002,2023-03-20,24.5,15.6,5.5,52.2,11.45
DIST_002,2023-03-21,22.0,9.2,0.0,30.9,23.19
DIST_002,2023-03-22,28.8,13.2,0.0,33.3,23.9
DIST_002,2023-03-23,24.4,13.7,13.8,72.1,12.33
DIST_002,2023-03-24,21.3,9.3,0.0,37.4,24.88
DIST_002,2023-03-25,20.1,6.6,0.0,51.4,20.75
DIST_002,2023-03-26,27.0,15.2,0.0,30.6,13.88
DIST_002,2023-03-27,25.8,13.9,5.5,69.7,6.0
DIST_002,2023-03-28,28.2,18.7,14.0,78.3,15.91
DIST_002,2023-03-29,26.4,17.9,0.0,15.0,27.85
DIST_002,2023-03-30,25.0,9.5,18.9,74.0,12.53
DIST_002,2023-03-31,22.2,12.9,0.0,43.3,19.94
DIST_002,2023-04-01,27.0,12.3,0.0,62.7,25.98
DIST_002,2023-04-02,24.6,14.5,5.9,58.9,19.29
DIST_002,2023-04-03,22.6,9.8,0.0,35.5,27.94
DIST_002,2023-04-04,18.4,7.4,0.0,32.1,17.22
DIST_002,2023-04-05,25.4,11.2,1.2,54.8,16.98
DIST_002,2023-04-06,21.9,7.5,0.0,18.4,20.92
DIST_002,2023-04-07,25.0,11.9,0.0,58.5,19.69
DIST_002,2023-04-08,22.3,13.7,0.0,50.0,23.96
DIST_002,2023-04-09,23.8,9.9,0.0,31.6,15.25
DIST_002,2023-04-10,23.3,11.0,0.0,57.8,23.6
DIST_002,2023-04-11,22.9,11.4,0.0,24.8,23.34
DIST_002,2023-04-12,32.0,23.3,0.0,33.4,22.07
DIST_002,2023-04-13,21.9,6.3,0.0,33.7,21.95
DIST_002,2023-04-14,27.3,15.3,0.0,19.3,21.1
DIST_002,2023-04-15,28.4,16.1,0.0,15.0,32.0
DIST_002,2023-04-16,28.8,17.2,0.0,31.0,19.82
DIST_002,2023-04-17,27.5,13.3,0.0,52.7,24.73
DIST_002,2023-04-18,26.2,11.7,13.0,79.4,12.86
DIST_002,2023-04-19,25.3,17.0,0.0,52.0,18.49
DIST_002,2023-04-20,22.1,13.1,0.0,15.0,25.98
DIST_002,2023-04-21,24.5,14.7,0.0,47.4,21.08
DIST_002,2023-04-22,35.8,26.9,18.4,93.5,13.95
DIST_002,2023-04-23,26.0,13.7,0.0,36.3,20.06
DIST_002,2023-04-24,30.4,21.4,13.3,65.0,19.74
DIST_002,2023-04-25,23.5,7.5,0.0,35.9,13.14
DIST_002,2023-04-26,21.5,11.1,0.0,22.4,19.21
DIST_002,2023-04-27,32.4,17.8,0.0,29.3,24.42
DIST_002,2023-04-28,25.9,13.6,0.0,23.1,23.05
DIST_002,2023-04-29,30.5,15.4,0.0,38.2,30.1
DIST_002,2023-04-30,28.8,19.8,0.0,49.9,24.87
DIST_002,2023-05-01,28.1,14.8,0.0,23.1,26.3
DIST_002,2023-05-02,25.9,14.6,0.0,44.4,26.62
DIST_002,2023-05-03,29.7,19.7,0.0,38.2,16.37
DIST_002,2023-05-04,33.8,24.7,0.0,15.0,24.7
DIST_002,2023-05-05,34.5,22.1,0.0,15.0,16.8
DIST_002,2023-05-06,26.1,15.7,3.0,66.8,16.82
DIST_002,2023-05-07,33.5,24.1,0.0,26.2,21.42
DIST_002,2023-05-08,28.0,18.2,0.0,26.8,24.42
DIST_002,2023-05-09,33.7,19.5,0.0,18.5,23.29
DIST_002,2023-05-10,29.9,19.2,0.0,17.4,28.32
DIST_002,2023-05-11,32.1,24.0,0.0,61.0,19.68
DIST_002,2023-05-12,29.9,16.6,0.0,34.0,24.17
DIST_002,2023-05-13,27.6,18.3,0.0,38.7,18.77
DIST_002,2023-05-14,36.0,22.5,0.0,26.8,25.32
DIST_002,2023-05-15,27.8,15.4,0.0,64.6,23.21
DIST_002,2023-05-16,28.3,13.9,8.2,51.9,19.84
DIST_002,2023-05-17,32.7,18.9,0.0,58.3,18.78
DIST_002,2023-05-18,26.7,10.9,0.0,50.9,25.98
DIST_002,2023-05-19,25.9,12.1,0.0,41.2,25.15
DIST_002,2023-05-20,26.0,14.7,0.0,44.8,24.91
DIST_002,2023-05-21,33.8,25.1,0.0,60.7,21.22
DIST_002,2023-05-22,29.3,20.4,0.0,60.4,25.26
DIST_002,2023-05-23,27.4,18.0,0.0,37.8,22.27
DIST_002,2023-05-24,32.5,18.4,0.0,47.9,21.71
DIST_002,2023-05-25,31.4,20.1,0.0,52.4,24.7
DIST_002,2023-05-26,29.2,18.3,0.0,51.1,19.07
DIST_002,2023-05-27,27.5,13.8,6.1,52.4,11.89
DIST_002,2023-05-28,24.1,12.4,17.5,82.6,9.6
DIST_002,2023-05-29,25.8,15.7,0.0,64.1,12.46
DIST_002,2023-05-30,28.3,15.4,14.9,66.6,18.45
DIST_002,2023-05-31,28.6,13.0,0.0,70.0,17.91
DIST_002,2023-06-01,26.0,11.9,1.9,61.3,29.54
DIST_002,2023-06-02,31.7,19.1,0.0,34.0,17.92
DIST_002,2023-06-03,30.2,21.8,0.0,34.1,13.79
DIST_002,2023-06-04,33.4,18.9,2.6,46.6,21.84
DIST_002,2023-06-05,32.4,18.7,0.0,43.3,21.7
DIST_002,2023-06-06,24.4,15.9,6.1,47.8,13.56
DIST_002,2023-06-07,28.2,18.6,13.4,47.9,7.32
DIST_002,2023-06-08,31.5,17.2,0.0,21.1,21.92
DIST_002,2023-06-09,30.2,20.2,0.0,43.9,28.89
DIST_002,2023-06-10,25.8,14.0,0.0,45.5,27.8
DIST_002,2023-06-11,27.5,17.3,0.0,15.0,24.48
DIST_002,2023-06-12,26.6,12.4,12.6,68.1,17.17
DIST_002,2023-06-13,27.6,13.6,0.0,36.8,25.41
DIST_002,2023-06-14,31.1,18.9,1.8,65.3,21.92
DIST_002,2023-06-15,28.4,17.7,0.0,21.0,22.63
DIST_002,2023-06-16,29.2,15.3,0.0,31.2,20.34
DIST_002,2023-06-17,28.8,15.1,1.7,48.4,16.62
DIST_002,2023-06-18,30.8,19.0,13.7,95.0,16.35
DIST_002,2023-06-19,26.2,11.8,0.0,20.5,29.43
DIST_002,2023-06-20,32.4,23.7,0.0,42.2,27.69
DIST_002,2023-06-21,29.1,18.7,15.9,65.5,14.66
DIST_002,2023-06-22,27.4,16.4,27.4,53.1,18.9
DIST_002,2023-06-23,31.7,17.0,0.0,21.5,17.01
DIST_002,2023-06-24,30.6,15.8,0.0,64.8,32.0
DIST_002,2023-06-25,32.3,18.4,0.0,38.9,31.41
DIST_002,2023-06-26,29.0,14.1,7.0,76.0,14.85
DIST_002,2023-06-27,26.3,16.0,0.0,18.1,23.2
DIST_002,2023-06-28,30.9,21.0,0.0,16.3,24.35
DIST_002,2023-06-29,31.9,18.0,0.0,26.4,23.36
DIST_002,2023-06-30,27.0,16.6,0.0,15.5,25.25
DIST_002,2023-07-01,26.9,17.0,11.5,60.3,20.08
DIST_002,2023-07-02,33.3,20.1,0.0,33.2,22.76
DIST_002,2023-07-03,25.7,16.7,0.0,37.4,28.49
DIST_002,2023-07-04,27.6,16.2,24.7,65.8,6.0
DIST_002,2023-07-05,29.6,14.9,0.0,54.0,15.33
DIST_002,2023-07-06,23.5,8.0,0.0,55.3,24.56
DIST_002,2023-07-07,23.9,13.4,0.0,38.2,21.83
DIST_002,2023-07-08,26.4,12.4,0.8,70.8,26.4
DIST_002,2023-07-09,28.7,15.4,0.0,27.6,17.79
DIST_002,2023-07-10,26.0,11.4,0.0,50.0,22.59
DIST_002,2023-07-11,30.7,21.0,1.9,86.5,22.38
DIST_002,2023-07-12,27.6,14.9,0.0,22.3,21.45
DIST_002,2023-07-13,30.7,18.7,3.1,91.7,18.98
DIST_002,2023-07-14,27.0,18.4,0.0,51.9,23.07
DIST_002,2023-07-15,23.5,14.9,11.4,74.2,12.26
DIST_002,2023-07-16,27.1,11.9,0.0,27.8,17.13
DIST_002,2023-07-17,27.4,15.4,0.0,27.8,24.62
DIST_002,2023-07-18,23.2,7.2,0.0,37.2,19.2
DIST_002,2023-07-19,22.4,8.1,0.0,22.1,19.72
DIST_002,2023-07-20,22.1,9.3,0.0,27.6,21.36
DIST_002,2023-07-21,28.7,19.7,1.4,75.1,20.55
DIST_002,2023-07-22,27.0,13.9,0.0,15.0,22.8
DIST_002,2023-07-23,24.3,8.3,0.6,66.9,25.79
DIST_002,2023-07-24,23.9,13.8,0.0,16.4,23.75
DIST_002,2023-07-25,28.2,13.4,7.3,75.3,14.03
DIST_002,2023-07-26,22.0,6.6,0.0,34.8,27.02
DIST_002,2023-07-27,25.8,11.9,0.0,46.6,16.78
DIST_002,2023-07-28,23.2,7.8,0.0,37.5,21.97
DIST_002,2023-07-29,27.7,12.8,1.2,59.9,21.76
DIST_002,2023-07-30,25.6,17.6,0.0,54.6,24.26
DIST_002,2023-07-31,21.5,12.0,0.0,46.1,25.17
DIST_002,2023-08-01,23.7,15.4,0.0,31.7,21.0
DIST_002,2023-08-02,16.7,4.8,0.0,27.1,16.86
DIST_002,2023-08-03,26.8,17.4,0.0,68.1,17.79
DIST_002,2023-08-04,26.3,17.6,0.0,23.5,17.04
DIST_002,2023-08-05,25.1,10.5,0.0,34.5,30.88
DIST_002,2023-08-06,24.2,13.1,0.9,73.5,25.48
DIST_002,2023-08-07,22.6,13.2,0.0,46.4,22.68
DIST_002,2023-08-08,24.3,14.5,0.0,49.0,22.09
DIST_002,2023-08-09,24.1,14.0,0.0,19.9,24.63
DIST_002,2023-08-10,24.7,11.8,0.0,59.1,23.51
DIST_002,2023-08-11,19.4,6.7,0.0,20.2,16.74
DIST_002,2023-08-12,23.8,9.6,0.0,34.9,32.0
DIST_002,2023-08-13,24.4,14.8,0.0,58.4,19.98
DIST_002,2023-08-14,19.3,9.9,0.0,31.8,18.49
DIST_002,2023-08-15,19.2,3.8,0.0,44.6,15.78
DIST_002,2023-08-16,19.2,4.3,2.8,79.0,23.35
DIST_002,2023-08-17,23.5,14.9,0.0,46.4,22.13
DIST_002,2023-08-18,17.1,8.2,0.0,15.0,23.72
DIST_002,2023-08-19,18.9,4.3,1.3,79.6,29.03
DIST_002,2023-08-20,21.3,6.7,0.0,66.8,21.88
DIST_002,2023-08-21,23.4,9.1,0.0,52.3,21.15
DIST_002,2023-08-22,21.2,7.3,0.0,20.8,17.07
DIST_002,2023-08-23,27.0,16.9,0.0,53.0,19.91
DIST_002,2023-08-24,24.3,13.7,2.3,47.4,19.03
DIST_002,2023-08-25,18.5,8.9,0.0,15.0,15.67
DIST_002,2023-08-26,19.8,4.4,0.0,42.5,15.55
DIST_002,2023-08-27,15.2,2.8,0.0,46.5,19.36
DIST_002,2023-08-28,18.9,6.2,0.0,35.0,24.1
DIST_002,2023-08-29,19.0,5.8,0.0,35.7,19.03
DIST_002,2023-08-30,18.9,3.3,0.0,18.8,12.38
DIST_002,2023-08-31,18.4,5.4,3.6,69.5,23.37
DIST_003,2023-03-01,22.0,8.2,0.0,58.0,21.1
DIST_003,2023-03-02,20.4,11.1,0.0,46.8,15.59
DIST_003,2023-03-03,27.3,15.2,0.0,21.0,23.08
DIST_003,2023-03-04,21.5,8.1,0.0,15.0,18.15
DIST_003,2023-03-05,21.8,9.8,0.0,23.7,18.89
DIST_003,2023-03-06,22.1,12.0,31.4,59.2,16.99
DIST_003,2023-03-07,24.9,16.8,0.0,31.6,22.07
DIST_003,2023-03-08,26.5,18.5,30.7,64.3,13.16
DIST_003,2023-03-09,25.7,13.9,11.0,71.6,10.43
DIST_003,2023-03-10,21.7,7.3,0.1,63.2,13.55
DIST_003,2023-03-11,27.4,14.1,0.0,45.6,17.1
DIST_003,2023-03-12,27.3,16.2,0.0,32.4,20.55
DIST_003,2023-03-13,27.4,15.5,0.0,15.0,25.66
DIST_003,2023-03-14,24.8,13.8,0.0,29.2,25.39
DIST_003,2023-03-15,26.0,17.4,0.0,15.0,18.38
DIST_003,2023-03-16,20.8,6.4,0.0,66.8,16.1
DIST_003,2023-03-17,27.8,18.3,0.0,47.5,17.66
DIST_003,2023-03-18,24.1,16.0,19.8,34.7,16.35
DIST_003,2023-03-19,30.2,19.4,0.0,44.9,22.59
DIST_003,2023-03-20,24.0,13.2,0.0,63.2,17.61
DIST_003,2023-03-21,20.7,12.6,0.0,60.4,23.24
DIST_003,2023-03-22,27.6,11.8,3.0,41.5,22.93
DIST_003,2023-03-23,26.2,15.9,36.7,58.4,11.96
DIST_003,2023-03-24,25.6,16.6,0.0,24.8,23.58
DIST_003,2023-03-25,28.9,18.7,0.0,22.9,16.53
DIST_003,2023-03-26,27.5,12.6,0.0,20.2,17.18
DIST_003,2023-03-27,25.2,14.2,21.0,72.8,9.14
DIST_003,2023-03-28,25.0,12.3,0.0,27.1,26.33
DIST_003,2023-03-29,27.0,18.2,0.0,55.3,30.85
DIST_003,2023-03-30,30.7,15.2,0.0,35.2,14.66
DIST_003,2023-03-31,25.8,12.3,0.0,20.7,26.49
DIST_003,2023-04-01,29.2,18.5,0.0,45.9,25.76
DIST_003,2023-04-02,21.3,10.1,0.0,46.5,27.31
DIST_003,2023-04-03,25.2,16.2,0.0,24.3,25.96
DIST_003,2023-04-04,27.4,12.1,15.3,62.3,15.54
DIST_003,2023-04-05,26.3,14.0,0.0,48.3,31.51
DIST_003,2023-04-06,28.5,17.3,0.0,18.4,26.27
DIST_003,2023-04-07,30.2,14.9,0.0,45.8,15.77
DIST_003,2023-04-08,31.9,23.3,10.0,70.8,16.09
DIST_003,2023-04-09,25.1,15.4,9.5,71.2,17.24
DIST_003,2023-04-10,27.4,12.4,0.0,46.7,21.62
DIST_003,2023-04-11,32.8,22.7,10.1,51.7,9.08
DIST_003,2023-04-12,31.8,17.3,31.7,90.1,16.49
DIST_003,2023-04-13,28.8,19.9,0.0,15.0,26.14
DIST_003,2023-04-14,30.2,22.0,0.0,24.0,27.99
DIST_003,2023-04-15,31.8,15.9,4.7,83.8,18.56
DIST_003,2023-04-16,31.9,18.9,16.3,54.8,15.03
DIST_003,2023-04-17,29.2,14.8,0.0,20.8,14.84
DIST_003,2023-04-18,36.9,21.0,0.0,26.6,21.5
DIST_003,2023-04-19,30.9,19.8,0.0,32.5,29.08
DIST_003,2023-04-20,29.8,21.6,0.0,59.5,22.58
DIST_003,2023-04-21,30.6,22.3,0.0,15.0,24.25
DIST_003,2023-04-22,30.9,21.2,0.0,60.0,23.29
DIST_003,2023-04-23,30.9,16.1,2.6,81.9,23.76
DIST_003,2023-04-24,28.0,19.0,10.1,35.7,13.61
DIST_003,2023-04-25,30.5,20.7,0.0,35.0,19.53
DIST_003,2023-04-26,34.2,23.7,0.5,71.2,24.97
DIST_003,2023-04-27,37.3,27.4,0.0,21.4,25.81
DIST_003,2023-04-28,28.8,15.4,14.1,77.1,15.67
DIST_003,2023-04-29,26.8,17.4,0.0,42.2,23.49
DIST_003,2023-04-30,32.6,19.3,0.0,35.7,21.48
DIST_003,2023-05-01,31.1,20.2,0.0,34.3,22.68
DIST_003,2023-05-02,30.9,19.3,0.5,69.1,30.29
DIST_003,2023-05-03,38.9,24.9,0.0,33.6,28.42
DIST_003,2023-05-04,32.7,21.0,0.0,36.5,22.08
DIST_003,2023-05-05,32.4,21.6,0.4,51.3,25.1
DIST_003,2023-05-06,34.1,18.5,4.6,67.9,22.53
DIST_003,2023-05-07,35.7,21.2,0.0,15.0,18.71
DIST_003,2023-05-08,38.2,27.2,0.0,26.0,20.89
DIST_003,2023-05-09,33.6,17.9,0.0,22.7,17.45
DIST_003,2023-05-10,29.5,14.5,0.0,27.0,22.35
DIST_003,2023-05-11,33.6,24.5,0.0,35.3,22.52
DIST_003,2023-05-12,34.5,22.4,0.0,19.0,23.42
DIST_003,2023-05-13,31.8,16.5,0.0,28.1,20.89
DIST_003,2023-05-14,32.6,22.1,7.3,46.7,15.89
DIST_003,2023-05-15,33.3,20.6,0.0,34.1,12.87
DIST_003,2023-05-16,35.2,23.8,0.0,49.1,22.82
DIST_003,2023-05-17,34.5,21.3,0.0,35.9,17.93
DIST_003,2023-05-18,32.2,21.8,0.0,40.8,23.18
DIST_003,2023-05-19,28.1,18.9,0.0,15.0,29.24
DIST_003,2023-05-20,28.4,17.8,0.0,25.4,25.14
DIST_003,2023-05-21,30.5,16.8,1.2,70.3,21.57
DIST_003,2023-05-22,35.1,25.9,0.1,71.5,21.77
DIST_003,2023-05-23,33.0,21.4,0.0,21.3,26.43
DIST_003,2023-05-24,33.2,21.6,0.0,35.2,27.66
DIST_003,2023-05-25,32.7,22.6,16.8,77.1,13.34
DIST_003,2023-05-26,35.3,26.8,0.0,64.4,26.21
DIST_003,2023-05-27,36.9,26.8,0.0,21.8,20.19
DIST_003,2023-05-28,34.8,26.0,13.8,63.0,12.04
DIST_003,2023-05-29,35.3,20.2,9.5,48.6,12.01
DIST_003,2023-05-30,33.0,20.2,6.4,42.9,13.16
DIST_003,2023-05-31,36.5,27.1,0.0,47.4,19.4
DIST_003,2023-06-01,31.7,19.8,0.0,15.3,15.84
DIST_003,2023-06-02,33.0,20.9,0.0,21.7,23.94
DIST_003,2023-06-03,36.5,28.2,0.0,39.0,16.73
DIST_003,2023-06-04,31.3,20.2,0.0,20.7,26.25
DIST_003,2023-06-05,28.4,15.5,0.0,43.9,28.66
DIST_003,2023-06-06,33.9,22.3,0.0,49.1,24.34
DIST_003,2023-06-07,34.2,19.5,0.0,44.3,29.13
DIST_003,2023-06-08,27.0,15.3,0.0,25.1,17.16
DIST_003,2023-06-09,33.7,18.1,24.7,88.7,10.14
DIST_003,2023-06-10,30.1,18.1,5.8,49.8,12.28
DIST_003,2023-06-11,31.6,15.7,0.0,50.1,22.09
DIST_003,2023-06-12,28.3,15.4,0.0,39.2,25.49
DIST_003,2023-06-13,32.4,17.3,0.0,27.0,23.53
DIST_003,2023-06-14,34.8,26.5,0.0,36.5,18.02
DIST_003,2023-06-15,30.5,21.4,0.0,55.6,17.11
DIST_003,2023-06-16,28.3,15.1,0.0,62.7,24.3
DIST_003,2023-06-17,34.2,23.7,0.0,64.8,24.21
DIST_003,2023-06-18,31.5,16.8,0.0,46.4,28.07
DIST_003,2023-06-19,29.4,15.8,0.0,48.5,23.79
DIST_003,2023-06-20,33.6,23.9,15.2,95.0,21.26
DIST_003,2023-06-21,33.8,23.9,0.0,41.5,22.45
DIST_003,2023-06-22,32.2,21.9,3.2,64.2,24.67
DIST_003,2023-06-23,31.2,22.8,0.0,34.4,28.2
DIST_003,2023-06-24,37.3,28.4,0.0,28.0,23.78
DIST_003,2023-06-25,31.5,15.9,0.0,15.8,25.94
DIST_003,2023-06-26,36.9,27.7,31.9,73.6,10.28
DIST_003,2023-06-27,27.5,17.7,12.6,57.5,17.3
DIST_003,2023-06-28,34.9,19.5,4.6,47.0,19.22
DIST_003,2023-06-29,31.3,16.6,0.0,17.7,22.68
DIST_003,2023-06-30,30.7,16.1,0.0,15.0,20.47
DIST_003,2023-07-01,24.2,14.1,0.0,38.6,17.11
DIST_003,2023-07-02,26.0,17.8,0.0,30.8,20.53
DIST_003,2023-07-03,28.1,18.8,0.0,52.0,19.2
DIST_003,2023-07-04,28.3,15.3,0.0,33.1,28.83
DIST_003,2023-07-05,35.2,25.6,13.1,61.5,20.5
DIST_003,2023-07-06,28.6,18.6,0.0,32.3,25.62
DIST_003,2023-07-07,27.9,18.5,6.6,68.1,17.84
DIST_003,2023-07-08,31.6,18.8,0.0,42.3,17.86
DIST_003,2023-07-09,29.3,14.7,1.7,45.5,23.13
DIST_003,2023-07-10,25.8,15.8,0.0,35.9,14.31
DIST_003,2023-07-11,35.3,21.6,0.0,34.2,22.26
DIST_003,2023-07-12,25.2,11.8,0.0,21.6,20.24
DIST_003,2023-07-13,34.6,20.0,0.0,23.4,19.7
DIST_003,2023-07-14,27.4,16.1,0.0,21.7,20.55
DIST_003,2023-07-15,30.8,17.5,0.0,34.3,17.59
DIST_003,2023-07-16,35.0,20.0,0.0,42.9,28.02
DIST_003,2023-07-17,29.3,19.9,0.0,31.0,23.81
DIST_003,2023-07-18,33.9,22.0,7.7,83.2,16.43
DIST_003,2023-07-19,29.9,15.9,0.0,28.0,22.81
DIST_003,2023-07-20,24.6,12.6,0.0,20.2,21.6
DIST_003,2023-07-21,26.5,16.5,16.0,51.8,11.84
DIST_003,2023-07-22,31.7,21.3,0.0,15.0,25.52
DIST_003,2023-07-23,25.8,13.1,0.0,54.4,23.68
DIST_003,2023-07-24,27.9,17.3,0.0,57.2,21.16
DIST_003,2023-07-25,28.8,14.7,0.0,26.4,20.92
DIST_003,2023-07-26,26.9,13.5,0.0,58.3,13.94
DIST_003,2023-07-27,26.7,16.0,0.0,15.0,23.32
DIST_003,2023-07-28,24.0,15.4,2.3,83.8,17.4
DIST_003,2023-07-29,30.0,20.3,0.0,35.0,17.42
DIST_003,2023-07-30,25.4,9.4,0.0,32.7,24.41
DIST_003,2023-07-31,26.5,11.7,40.0,61.5,7.95
DIST_003,2023-08-01,25.8,12.9,0.9,60.8,26.91
DIST_003,2023-08-02,23.2,14.7,0.0,36.1,28.36
DIST_003,2023-08-03,27.1,15.1,0.0,41.9,19.69
DIST_003,2023-08-04,25.1,16.9,0.0,41.1,23.71
DIST_003,2023-08-05,28.4,18.8,0.0,22.9,25.4
DIST_003,2023-08-06,20.6,10.8,0.0,39.4,21.55
DIST_003,2023-08-07,28.9,19.8,0.0,24.4,19.91
DIST_003,2023-08-08,27.9,19.1,0.0,15.0,22.76
DIST_003,2023-08-09,27.0,15.3,16.4,35.8,12.56
DIST_003,2023-08-10,22.4,6.8,8.1,39.1,13.87
DIST_003,2023-08-11,27.6,12.7,36.7,61.7,8.9
DIST_003,2023-08-12,23.6,13.6,0.0,15.0,26.16
DIST_003,2023-08-13,21.4,12.3,0.0,40.8,22.14
DIST_003,2023-08-14,21.2,10.4,0.0,30.0,26.63
DIST_003,2023-08-15,27.0,18.4,0.0,39.1,19.96
DIST_003,2023-08-16,28.1,15.8,0.0,15.7,23.31
DIST_003,2023-08-17,26.8,16.7,25.7,85.5,15.61
DIST_003,2023-08-18,21.7,11.0,18.3,63.2,11.87
DIST_003,2023-08-19,25.1,12.1,0.0,36.6,29.69
DIST_003,2023-08-20,26.2,14.8,0.0,29.9,24.41
DIST_003,2023-08-21,25.6,9.7,0.0,35.0,19.1
DIST_003,2023-08-22,23.7,8.5,0.0,27.9,14.12
DIST_003,2023-08-23,24.6,12.7,0.0,49.8,24.97
DIST_003,2023-08-24,18.5,7.3,36.7,72.5,15.16
DIST_003,2023-08-25,19.7,9.8,0.0,22.7,25.69
DIST_003,2023-08-26,28.7,18.4,13.5,50.0,7.82
DIST_003,2023-08-27,22.0,12.9,0.0,20.8,25.96
DIST_003,2023-08-28,20.4,9.7,0.0,43.7,17.0
DIST_003,2023-08-29,25.2,16.2,21.8,60.2,7.81
DIST_003,2023-08-30,20.4,8.0,7.5,76.6,11.97
DIST_003,2023-08-31,20.5,9.6,0.0,27.0,28.14
DIST_004,2023-03-01,18.8,3.9,0.0,15.0,16.41
DIST_004,2023-03-02,22.7,9.2,0.0,15.0,24.64
DIST_004,2023-03-03,18.1,6.8,0.0,32.4,24.38
DIST_004,2023-03-04,20.9,5.0,8.2,86.0,14.39
DIST_004,2023-03-05,18.7,8.1,0.0,33.0,21.11
DIST_004,2023-03-06,22.1,7.1,4.5,51.6,24.9
DIST_004,2023-03-07,20.9,8.0,0.0,30.3,20.56
DIST_004,2023-03-08,17.2,6.7,0.0,23.5,16.86
DIST_004,2023-03-09,21.3,11.4,6.9,57.4,9.29
DIST_004,2023-03-10,19.1,10.0,0.0,31.0,25.39
DIST_004,2023-03-11,23.5,9.9,0.0,17.3,19.88
DIST_004,2023-03-12,22.9,9.4,8.6,48.5,15.47
DIST_004,2023-03-13,23.6,11.4,0.0,32.1,18.89
DIST_004,2023-03-14,17.7,5.3,0.0,45.1,11.37
DIST_004,2023-03-15,21.9,10.0,10.8,57.3,10.54
DIST_004,2023-03-16,21.6,8.5,0.0,49.9,17.48
DIST_004,2023-03-17,23.4,8.1,0.0,23.9,19.73
DIST_004,2023-03-18,17.3,7.3,12.6,78.8,18.92
DIST_004,2023-03-19,22.4,7.0,6.4,56.4,17.55
DIST_004,2023-03-20,25.6,15.8,18.4,66.5,15.77
DIST_004,2023-03-21,22.7,7.5,20.3,71.9,6.01
DIST_004,2023-03-22,22.9,14.5,0.0,45.3,23.14
DIST_004,2023-03-23,20.2,8.1,0.0,26.3,12.61
DIST_004,2023-03-24,20.9,11.6,0.0,33.1,20.03
DIST_004,2023-03-25,23.4,12.9,9.1,60.7,17.36
DIST_004,2023-03-26,20.1,11.8,8.3,75.3,11.5
DIST_004,2023-03-27,22.1,9.6,0.0,15.0,23.14
DIST_004,2023-03-28,25.7,15.6,0.0,35.2,21.66
DIST_004,2023-03-29,22.9,9.8,0.0,22.9,23.77
DIST_004,2023-03-30,27.6,17.6,0.0,28.7,23.54
DIST_004,2023-03-31,19.6,6.7,0.0,48.0,23.99
DIST_004,2023-04-01,29.7,14.3,0.0,45.5,18.46
DIST_004,2023-04-02,20.8,9.7,41.7,51.0,20.14
DIST_004,2023-04-03,24.7,14.6,0.0,15.0,28.7
DIST_004,2023-04-04,24.3,11.0,4.3,72.4,23.16
DIST_004,2023-04-05,25.8,13.5,0.0,76.5,19.71
DIST_004,2023-04-06,29.1,18.5,0.0,15.0,18.3
DIST_004,2023-04-07,19.8,11.1,0.0,57.7,24.01
DIST_004,2023-04-08,25.1,16.2,18.0,69.0,9.99
DIST_004,2023-04-09,26.3,16.3,0.0,64.3,28.09
DIST_004,2023-04-10,26.8,12.6,0.0,16.5,24.05
DIST_004,2023-04-11,30.0,16.7,0.0,41.1,20.84
DIST_004,2023-04-12,32.6,16.7,0.0,47.4,20.18
DIST_004,2023-04-13,25.8,14.6,0.0,37.0,18.73
DIST_004,2023-04-14,20.6,5.0,0.0,36.6,19.7
DIST_004,2023-04-15,21.8,8.0,0.0,25.0,20.23
DIST_004,2023-04-16,25.0,9.0,2.9,55.7,25.01
DIST_004,2023-04-17,21.7,7.7,0.0,39.6,31.15
DIST_004,2023-04-18,29.8,19.1,4.5,57.5,16.26
DIST_004,2023-04-19,25.4,12.5,0.0,17.0,30.61
DIST_004,2023-04-20,28.3,17.4,0.0,46.7,18.35
DIST_004,2023-04-21,29.0,18.0,52.8,81.7,13.75
DIST_004,2023-04-22,30.3,16.9,0.0,25.0,21.03
DIST_004,2023-04-23,27.6,17.1,0.0,39.8,19.84
DIST_004,2023-04-24,27.5,13.4,0.0,37.5,25.68
DIST_004,2023-04-25,27.6,15.6,0.0,50.7,29.36
DIST_004,2023-04-26,29.3,14.3,2.6,72.5,25.61
DIST_004,2023-04-27,24.2,12.4,0.0,77.9,19.23
DIST_004,2023-04-28,27.9,13.9,0.0,29.7,17.58
DIST_004,2023-04-29,25.3,10.7,0.0,15.0,24.33
DIST_004,2023-04-30,27.8,16.9,0.0,21.2,28.87
DIST_004,2023-05-01,30.5,17.3,19.9,61.3,16.21
DIST_004,2023-05-02,29.1,19.4,0.0,31.2,21.55
DIST_004,2023-05-03,27.0,11.2,1.7,60.7,19.37
DIST_004,2023-05-04,31.9,16.8,0.0,48.5,15.49
DIST_004,2023-05-05,24.1,9.3,0.0,39.2,14.47
DIST_004,2023-05-06,24.7,16.2,0.0,41.2,31.71
DIST_004,2023-05-07,31.6,19.1,0.0,40.0,17.87
DIST_004,2023-05-08,30.8,18.7,0.0,33.9,23.12
DIST_004,2023-05-09,27.8,12.8,0.0,16.0,16.03
DIST_004,2023-05-10,29.4,18.2,0.0,56.6,20.39
DIST_004,2023-05-11,23.7,9.3,0.0,34.8,20.5
DIST_004,2023-05-12,29.9,17.8,0.0,23.1,20.39
DIST_004,2023-05-13,30.0,16.6,0.0,31.9,26.34
DIST_004,2023-05-14,28.6,13.0,3.3,55.8,26.34
DIST_004,2023-05-15,26.1,15.5,12.5,38.8,9.55
DIST_004,2023-05-16,26.1,15.2,0.0,30.5,28.72
DIST_004,2023-05-17,23.4,14.1,25.4,47.2,8.66
DIST_004,2023-05-18,29.6,15.6,0.0,45.1,21.29
DIST_004,2023-05-19,29.4,14.9,0.0,21.3,24.0
DIST_004,2023-05-20,25.4,13.1,7.2,66.6,17.2
DIST_004,2023-05-21,29.7,20.3,0.0,51.3,20.61
DIST_004,2023-05-22,32.0,18.7,0.0,35.6,20.06
DIST_004,2023-05-23,32.3,23.0,0.0,15.3,17.87
DIST_004,2023-05-24,32.0,16.7,0.0,61.0,25.11
DIST_004,2023-05-25,28.9,16.2,0.0,37.0,19.2
DIST_004,2023-05-26,25.9,14.2,0.0,15.0,20.4
DIST_004,2023-05-27,22.8,13.2,13.0,62.9,13.33
DIST_004,2023-05-28,26.9,17.9,0.0,35.6,20.3
DIST_004,2023-05-29,31.6,20.8,0.0,36.0,20.44
DIST_004,2023-05-30,32.7,17.1,0.0,41.8,29.56
DIST_004,2023-05-31,26.7,10.9,0.0,48.3,23.66
DIST_004,2023-06-01,28.1,20.0,11.9,54.1,15.18
DIST_004,2023-06-02,31.3,17.9,13.1,95.0,11.52
DIST_004,2023-06-03,31.2,19.8,0.0,15.0,20.75
DIST_004,2023-06-04,25.5,14.5,0.0,42.9,23.07
DIST_004,2023-06-05,24.3,10.1,0.0,50.4,24.45
DIST_004,2023-06-06,26.4,17.3,17.1,75.6,16.62
DIST_004,2023-06-07,30.8,17.0,0.0,28.9,24.56
DIST_004,2023-06-08,33.6,24.7,0.0,18.3,26.51
DIST_004,2023-06-09,29.6,17.2,0.0,60.1,20.96
DIST_004,2023-06-10,27.5,13.3,0.0,73.7,22.85
DIST_004,2023-06-11,32.4,16.5,0.0,41.4,13.88
DIST_004,2023-06-12,31.0,19.2,0.0,37.2,22.6
DIST_004,2023-06-13,26.7,16.2,17.4,95.0,10.31
DIST_004,2023-06-14,24.7,10.0,31.5,51.0,13.57
DIST_004,2023-06-15,30.4,18.9,0.0,39.6,19.75
DIST_004,2023-06-16,30.9,19.5,0.0,33.0,21.94
DIST_004,2023-06-17,26.7,13.6,0.0,15.0,15.34
DIST_004,2023-06-18,30.2,14.6,0.0,39.2,16.17
DIST_004,2023-06-19,30.5,18.5,0.0,26.7,15.75
DIST_004,2023-06-20,31.5,22.9,11.9,66.1,12.44
DIST_004,2023-06-21,25.3,13.6,0.0,29.2,17.6
DIST_004,2023-06-22,27.1,11.8,0.0,15.0,22.76
DIST_004,2023-06-23,30.6,21.1,0.0,33.2,15.78
DIST_004,2023-06-24,27.8,19.8,0.0,45.2,16.7
DIST_004,2023-06-25,26.3,14.3,0.0,31.3,14.38
DIST_004,2023-06-26,21.2,8.4,0.0,30.8,20.64
DIST_004,2023-06-27,28.8,16.6,0.0,23.0,19.55
DIST_004,2023-06-28,30.6,18.1,16.4,79.5,16.49
DIST_004,2023-06-29,28.3,13.5,0.0,41.9,23.84
DIST_004,2023-06-30,26.8,11.5,0.0,49.1,20.63
DIST_004,2023-07-01,24.5,11.4,5.7,58.2,11.56
DIST_004,2023-07-02,29.8,14.4,0.0,72.7,26.46
DIST_004,2023-07-03,26.9,15.7,0.0,53.9,26.9
DIST_004,2023-07-04,29.2,15.9,0.0,31.6,30.13
DIST_004,2023-07-05,27.8,19.6,0.0,28.5,24.02
DIST_004,2023-07-06,29.6,13.9,0.0,36.3,19.36
DIST_004,2023-07-07,24.1,12.4,0.0,15.0,8.29
DIST_004,2023-07-08,27.7,17.3,0.0,22.5,18.49
DIST_004,2023-07-09,24.1,15.7,0.0,53.2,26.49
DIST_004,2023-07-10,27.7,12.0,0.0,15.0,19.53
DIST_004,2023-07-11,27.1,15.0,0.0,21.0,18.99
DIST_004,2023-07-12,22.7,12.3,0.0,40.7,17.39
DIST_004,2023-07-13,26.1,17.6,1.4,55.5,16.81
DIST_004,2023-07-14,22.0,7.4,1.1,89.2,25.56
DIST_004,2023-07-15,28.0,13.8,0.0,15.0,17.32
DIST_004,2023-07-16,25.8,17.6,0.0,19.0,18.14
DIST_004,2023-07-17,30.4,16.8,0.0,45.8,21.44
DIST_004,2023-07-18,23.2,12.8,6.4,47.6,15.68
DIST_004,2023-07-19,28.1,15.5,0.0,15.0,28.49
DIST_004,2023-07-20,27.4,12.5,0.0,35.0,29.27
DIST_004,2023-07-21,26.7,12.5,0.0,29.5,20.31
DIST_004,2023-07-22,22.3,10.9,0.0,30.2,24.33
DIST_004,2023-07-23,23.0,11.8,0.0,38.4,23.55
DIST_004,2023-07-24,25.2,14.5,0.0,15.0,26.65
DIST_004,2023-07-25,24.5,14.7,0.0,15.0,19.71
DIST_004,2023-07-26,24.9,10.0,0.0,42.0,24.11
DIST_004,2023-07-27,22.9,7.8,0.0,22.2,25.3
DIST_004,2023-07-28,23.3,14.5,0.0,52.3,28.46
DIST_004,2023-07-29,25.0,11.4,0.0,15.0,17.53
DIST_004,2023-07-30,26.1,11.4,0.0,17.6,20.27
DIST_004,2023-07-31,18.7,4.8,0.0,40.1,19.94
DIST_004,2023-08-01,21.9,6.9,0.0,15.0,20.64
DIST_004,2023-08-02,18.7,5.4,0.0,28.9,19.33
DIST_004,2023-08-03,26.0,14.0,32.7,45.5,14.35
DIST_004,2023-08-04,21.6,13.4,0.0,31.7,22.99
DIST_004,2023-08-05,22.4,13.0,0.0,19.0,19.16
DIST_004,2023-08-06,26.8,10.9,0.0,49.3,26.85
DIST_004,2023-08-07,26.1,12.2,34.8,95.0,16.78
DIST_004,2023-08-08,27.7,12.2,0.0,62.7,20.03
DIST_004,2023-08-09,17.6,4.9,0.0,42.8,20.21
DIST_004,2023-08-10,23.0,7.6,0.0,50.3,24.63
DIST_004,2023-08-11,19.8,4.2,46.2,65.3,12.21
DIST_004,2023-08-12,23.5,9.7,0.0,44.8,27.31
DIST_004,2023-08-13,24.3,12.3,0.0,28.0,25.44
DIST_004,2023-08-14,20.4,6.9,7.9,65.2,6.0
DIST_004,2023-08-15,19.2,7.8,35.3,53.8,16.16
DIST_004,2023-08-16,21.7,8.5,7.3,64.8,19.61
DIST_004,2023-08-17,20.2,4.8,4.5,80.2,22.63
DIST_004,2023-08-18,25.4,15.1,0.0,26.8,27.53
DIST_004,2023-08-19,19.7,9.6,0.0,28.8,21.66
DIST_004,2023-08-20,23.9,14.7,7.5,32.0,11.05
DIST_004,2023-08-21,14.1,2.4,2.4,61.3,23.01
DIST_004,2023-08-22,17.1,1.4,21.3,91.9,13.18
DIST_004,2023-08-23,19.6,9.5,0.0,19.3,16.35
DIST_004,2023-08-24,18.7,7.4,0.0,45.2,21.36
DIST_004,2023-08-25,24.9,15.8,0.6,45.3,18.99
DIST_004,2023-08-26,22.8,9.0,0.0,15.0,25.27
DIST_004,2023-08-27,20.1,5.1,0.0,28.0,19.42
DIST_004,2023-08-28,12.0,2.9,0.0,35.6,21.92
DIST_004,2023-08-29,18.7,7.4,15.3,51.6,13.22
DIST_004,2023-08-30,23.1,13.5,0.0,24.9,21.1
DIST_004,2023-08-31,18.1,6.4,0.0,22.8,22.99
DIST_005,2023-03-01,23.8,15.6,0.0,52.0,15.04
DIST_005,2023-03-02,16.6,1.3,4.6,60.5,24.79
DIST_005,2023-03-03,17.9,2.0,0.0,35.5,19.77
DIST_005,2023-03-04,20.1,11.5,0.0,47.5,16.18
DIST_005,2023-03-05,23.2,12.9,0.0,39.9,21.8
DIST_005,2023-03-06,24.6,9.9,15.9,62.5,15.73
DIST_005,2023-03-07,18.0,4.9,0.0,31.6,13.8
DIST_005,2023-03-08,26.2,11.2,0.0,52.4,28.26
DIST_005,2023-03-09,18.3,10.1,0.0,31.6,27.28
DIST_005,2023-03-10,20.4,9.1,0.0,15.0,21.09
DIST_005,2023-03-11,22.8,13.0,35.7,55.2,11.68
DIST_005,2023-03-12,21.5,13.0,0.0,23.7,22.28
DIST_005,2023-03-13,16.2,6.2,6.2,94.9,11.86
DIST_005,2023-03-14,21.0,8.3,0.0,42.7,30.0
DIST_005,2023-03-15,26.0,17.8,0.0,25.4,21.35
DIST_005,2023-03-16,18.7,4.4,33.0,61.9,17.74
DIST_005,2023-03-17,26.1,14.6,0.0,32.9,18.39
DIST_005,2023-03-18,20.6,6.6,10.4,59.7,15.86
DIST_005,2023-03-19,24.9,14.9,0.0,15.0,26.5
DIST_005,2023-03-20,16.8,7.0,2.3,64.4,19.55
DIST_005,2023-03-21,20.9,12.2,0.0,36.5,24.06
DIST_005,2023-03-22,26.3,17.4,0.0,31.3,24.33
DIST_005,2023-03-23,22.4,6.8,0.0,71.2,26.67
DIST_005,2023-03-24,21.1,6.8,0.0,41.4,25.05
DIST_005,2023-03-25,21.2,9.5,0.0,67.2,16.65
DIST_005,2023-03-26,28.5,19.3,31.0,40.2,12.47
DIST_005,2023-03-27,20.6,11.6,0.0,31.5,20.42
DIST_005,2023-03-28,24.4,11.1,0.0,31.7,29.3
DIST_005,2023-03-29,26.4,15.4,6.3,46.5,13.42
DIST_005,2023-03-30,28.7,18.3,0.0,32.4,25.98
DIST_005,2023-03-31,28.3,19.8,0.0,15.0,20.05
DIST_005,2023-04-01,28.3,18.9,12.2,61.0,7.11
DIST_005,2023-04-02,20.9,8.9,0.0,29.0,16.51
DIST_005,2023-04-03,26.6,16.9,0.0,50.0,24.97
DIST_005,2023-04-04,23.8,11.1,0.0,28.7,26.18
DIST_005,2023-04-05,17.7,7.8,0.0,34.6,24.86
DIST_005,2023-04-06,30.2,18.8,15.3,50.9,12.64
DIST_005,2023-04-07,20.3,4.7,0.0,36.5,18.79
DIST_005,2023-04-08,23.9,10.4,0.0,46.5,22.39
DIST_005,2023-04-09,20.8,12.2,0.0,15.0,22.52
DIST_005,2023-04-10,24.3,12.4,0.0,37.2,26.1
DIST_005,2023-04-11,25.1,12.0,0.0,39.0,21.47
DIST_005,2023-04-12,30.1,14.9,0.0,44.5,22.51
DIST_005,2023-04-13,29.3,16.5,0.0,37.6,17.44
DIST_005,2023-04-14,28.3,17.5,3.1,84.4,19.6
DIST_005,2023-04-15,28.6,19.8,0.0,28.6,14.82
DIST_005,2023-04-16,23.8,8.5,0.0,16.4,24.22
DIST_005,2023-04-17,30.2,19.5,0.0,35.3,21.87
DIST_005,2023-04-18,20.1,10.9,19.2,46.7,14.91
DIST_005,2023-04-19,30.4,20.0,0.0,53.4,24.05
DIST_005,2023-04-20,26.7,11.8,0.0,33.8,25.52
DIST_005,2023-04-21,30.7,21.4,0.0,40.0,19.75
DIST_005,2023-04-22,27.5,14.1,0.0,56.1,21.91
DIST_005,2023-04-23,29.8,19.7,0.0,39.1,20.5
DIST_005,2023-04-24,32.5,18.3,9.1,89.5,11.48
DIST_005,2023-04-25,26.4,17.6,11.5,67.5,10.29
DIST_005,2023-04-26,29.9,16.9,0.0,37.8,27.97
DIST_005,2023-04-27,22.9,12.4,15.4,61.9,9.46
DIST_005,2023-04-28,24.3,10.3,0.0,15.0,13.35
DIST_005,2023-04-29,33.2,17.8,54.3,95.0,12.51
DIST_005,2023-04-30,30.7,18.2,0.0,29.2,16.86
DIST_005,2023-05-01,32.1,23.4,0.0,46.6,20.13
DIST_005,2023-05-02,23.1,10.3,0.0,53.0,25.48
DIST_005,2023-05-03,29.7,20.4,0.0,50.9,20.95
DIST_005,2023-05-04,22.6,6.8,0.6,76.4,22.76
DIST_005,2023-05-05,36.3,25.5,3.2,73.7,19.02
DIST_005,2023-05-06,30.3,14.5,0.0,45.4,11.36
DIST_005,2023-05-07,28.1,12.8,0.0,43.2,15.0
DIST_005,2023-05-08,28.6,18.2,0.0,31.1,21.99
DIST_005,2023-05-09,31.0,19.7,0.0,52.7,19.08
DIST_005,2023-05-10,30.7,22.4,33.0,78.5,15.75
DIST_005,2023-05-11,31.7,20.8,25.9,40.3,15.49
DIST_005,2023-05-12,27.2,13.5,0.0,50.2,26.55
DIST_005,2023-05-13,29.0,17.3,0.0,18.7,20.17
DIST_005,2023-05-14,28.4,16.5,0.0,15.0,25.86
DIST_005,2023-05-15,29.2,17.1,1.7,80.8,12.14
DIST_005,2023-05-16,28.8,17.7,0.0,29.0,24.07
DIST_005,2023-05-17,31.6,19.8,22.5,46.4,8.54
DIST_005,2023-05-18,30.1,19.7,0.0,45.8,20.64
DIST_005,2023-05-19,30.4,18.5,36.8,42.0,15.75
DIST_005,2023-05-20,25.1,13.1,0.9,92.9,23.33
DIST_005,2023-05-21,36.7,25.8,0.0,28.9,21.22
DIST_005,2023-05-22,28.0,14.1,6.9,46.4,13.22
DIST_005,2023-05-23,30.2,15.9,2.4,41.7,20.98
DIST_005,2023-05-24,33.9,25.4,0.0,57.9,29.08
DIST_005,2023-05-25,28.3,13.7,0.0,15.0,21.56
DIST_005,2023-05-26,28.9,20.8,4.1,72.7,24.62
DIST_005,2023-05-27,29.9,18.6,0.0,38.9,23.38
DIST_005,2023-05-28,29.8,19.7,0.0,54.2,21.54
DIST_005,2023-05-29,29.0,17.2,0.0,20.3,23.75
DIST_005,2023-05-30,30.6,15.5,0.0,33.9,18.59
DIST_005,2023-05-31,28.1,19.8,0.0,27.2,26.38
DIST_005,2023-06-01,29.9,16.8,0.0,19.0,26.33
DIST_005,2023-06-02,31.6,17.3,0.0,18.4,25.01
DIST_005,2023-06-03,27.7,18.2,0.0,31.3,24.9
DIST_005,2023-06-04,28.6,19.3,9.8,84.4,8.59
DIST_005,2023-06-05,32.9,21.5,0.0,30.2,26.7
DIST_005,2023-06-06,25.9,12.7,0.0,46.3,16.09
DIST_005,2023-06-07,29.6,17.4,0.0,56.1,26.6
DIST_005,2023-06-08,30.1,18.0,14.2,55.8,9.96
DIST_005,2023-06-09,37.0,27.5,17.1,74.5,16.95
DIST_005,2023-06-10,30.4,14.9,0.0,41.1,25.51
DIST_005,2023-06-11,31.6,16.2,0.0,19.4,19.07
DIST_005,2023-06-12,33.3,19.5,0.0,46.9,26.55
DIST_005,2023-06-13,29.2,17.4,0.0,29.3,28.2
DIST_005,2023-06-14,33.3,17.4,3.9,45.5,26.4
DIST_005,2023-06-15,31.0,18.4,4.5,60.5,22.42
DIST_005,2023-06-16,26.3,16.9,0.0,25.1,22.46
DIST_005,2023-06-17,31.3,20.6,0.0,15.0,20.98
DIST_005,2023-06-18,30.6,19.9,0.0,27.0,21.08
DIST_005,2023-06-19,25.2,11.8,0.6,67.4,19.91
DIST_005,2023-06-20,31.3,22.5,0.0,46.5,26.37
DIST_005,2023-06-21,28.3,19.3,4.6,78.2,22.3
DIST_005,2023-06-22,25.7,17.6,0.0,28.1,17.53
DIST_005,2023-06-23,24.8,14.1,0.0,55.1,22.46
DIST_005,2023-06-24,33.6,21.0,0.0,15.8,27.64
DIST_005,2023-06-25,27.7,18.7,0.0,30.8,20.32
DIST_005,2023-06-26,26.9,13.9,0.0,15.0,29.77
DIST_005,2023-06-27,32.4,22.7,0.0,32.3,18.37
DIST_005,2023-06-28,26.0,17.8,0.6,59.0,17.95
DIST_005,2023-06-29,26.5,10.7,0.0,55.0,18.92
DIST_005,2023-06-30,29.5,14.8,0.0,46.5,17.68
DIST_005,2023-07-01,25.0,13.2,2.3,81.0,22.38
DIST_005,2023-07-02,25.4,12.4,0.0,15.0,23.18
DIST_005,2023-07-03,32.5,24.4,0.0,32.7,22.29
DIST_005,2023-07-04,31.9,21.2,0.0,33.9,21.97
DIST_005,2023-07-05,28.4,19.1,0.0,41.5,21.54
DIST_005,2023-07-06,26.0,12.1,1.5,95.0,24.43
DIST_005,2023-07-07,30.4,16.8,0.0,46.5,23.46
DIST_005,2023-07-08,22.5,11.6,0.0,43.2,21.72
DIST_005,2023-07-09,29.0,17.1,0.0,49.1,14.57
DIST_005,2023-07-10,27.4,12.1,0.0,30.5,27.42
DIST_005,2023-07-11,27.1,16.1,0.0,27.7,20.01
DIST_005,2023-07-12,27.6,14.8,0.0,43.5,32.0
DIST_005,2023-07-13,24.1,9.9,18.1,53.7,16.93
DIST_005,2023-07-14,26.3,10.3,0.0,24.3,11.96
DIST_005,2023-07-15,25.7,13.1,0.0,33.9,19.88
DIST_005,2023-07-16,21.2,8.8,0.0,29.1,19.84
DIST_005,2023-07-17,29.5,18.4,0.0,55.9,21.15
DIST_005,2023-07-18,26.3,16.5,0.0,58.0,14.56
DIST_005,2023-07-19,23.3,14.0,0.0,19.7,17.7
DIST_005,2023-07-20,18.8,4.4,0.0,32.5,17.97
DIST_005,2023-07-21,29.5,16.3,4.4,77.6,24.3
DIST_005,2023-07-22,26.2,17.8,12.4,47.1,14.66
DIST_005,2023-07-23,26.3,13.2,0.0,35.7,20.04
DIST_005,2023-07-24,26.5,15.2,0.0,47.4,22.04
DIST_005,2023-07-25,23.9,8.6,5.7,63.2,15.74
DIST_005,2023-07-26,24.6,12.3,0.0,41.2,22.3
DIST_005,2023-07-27,23.1,8.7,0.0,41.1,26.27
DIST_005,2023-07-28,28.1,16.6,0.0,26.4,23.44
DIST_005,2023-07-29,21.7,7.0,0.0,25.7,27.1
DIST_005,2023-07-30,23.4,9.6,0.0,35.3,18.74
DIST_005,2023-07-31,21.0,10.3,0.0,45.0,21.87
DIST_005,2023-08-01,28.0,16.0,0.0,45.1,14.71
DIST_005,2023-08-02,22.8,7.6,0.0,17.9,17.97
DIST_005,2023-08-03,22.1,11.6,0.0,34.1,30.91
DIST_005,2023-08-04,25.4,15.4,0.0,50.2,23.24
DIST_005,2023-08-05,26.3,10.9,0.0,47.4,22.78
DIST_005,2023-08-06,24.4,13.5,0.0,71.9,21.7
DIST_005,2023-08-07,19.5,7.2,0.0,36.2,30.72
DIST_005,2023-08-08,24.4,11.1,0.0,28.5,25.35
DIST_005,2023-08-09,18.2,4.5,0.0,60.4,27.66
DIST_005,2023-08-10,28.8,19.5,0.0,43.7,19.68
DIST_005,2023-08-11,16.0,5.4,0.0,51.2,23.55
DIST_005,2023-08-12,15.8,3.9,0.0,32.2,18.01
DIST_005,2023-08-13,16.3,3.8,0.0,28.5,20.6
DIST_005,2023-08-14,20.2,7.5,5.7,62.9,17.14
DIST_005,2023-08-15,17.2,2.4,0.0,64.9,24.0
DIST_005,2023-08-16,21.8,12.9,0.0,15.0,27.89
DIST_005,2023-08-17,21.4,13.0,1.5,65.4,20.36
DIST_005,2023-08-18,18.0,6.9,0.0,15.0,18.3
DIST_005,2023-08-19,19.4,5.4,0.0,30.1,32.0
DIST_005,2023-08-20,20.7,7.5,0.0,65.9,28.31
DIST_005,2023-08-21,23.7,10.8,0.0,27.5,18.02
DIST_005,2023-08-22,18.1,6.9,0.0,61.3,12.58
DIST_005,2023-08-23,19.3,8.6,4.9,47.4,13.85
DIST_005,2023-08-24,18.2,3.8,0.0,64.4,19.58
DIST_005,2023-08-25,17.1,8.4,0.0,42.8,22.34
DIST_005,2023-08-26,19.3,9.3,16.0,90.2,14.62
DIST_005,2023-08-27,23.8,14.8,0.0,33.7,22.34
DIST_005,2023-08-28,19.3,9.0,0.0,24.8,23.47
DIST_005,2023-08-29,21.2,10.6,0.0,51.4,23.23
DIST_005,2023-08-30,18.9,8.6,0.0,15.0,24.51
DIST_005,2023-08-31,18.8,6.0,0.1,59.2,25.98
DIST_006,2023-03-01,17.8,6.6,0.0,43.1,27.29
DIST_006,2023-03-02,20.2,11.8,0.0,38.5,21.74
DIST_006,2023-03-03,19.6,9.8,0.0,41.6,21.24
DIST_006,2023-03-04,25.4,9.8,29.4,54.8,19.29
DIST_006,2023-03-05,19.6,10.6,0.0,39.1,18.6
DIST_006,2023-03-06,20.0,5.1,0.0,15.0,19.48
DIST_006,2023-03-07,16.4,6.0,7.1,68.3,16.66
DIST_006,2023-03-08,21.6,7.7,0.0,45.2,20.66
DIST_006,2023-03-09,21.6,8.4,0.0,28.1,21.66
DIST_006,2023-03-10,16.9,6.4,0.0,15.0,16.51
DIST_006,2023-03-11,19.5,5.5,0.0,38.2,24.41
DIST_006,2023-03-12,21.7,9.1,0.0,38.3,24.27
DIST_006,2023-03-13,20.8,6.9,0.0,34.1,13.67
DIST_006,2023-03-14,21.0,8.8,0.0,36.6,25.99
DIST_006,2023-03-15,23.4,14.3,0.0,23.2,22.73
DIST_006,2023-03-16,20.0,9.4,0.0,22.6,21.55
DIST_006,2023-03-17,23.7,11.0,7.0,46.9,7.09
DIST_006,2023-03-18,23.5,8.5,3.5,59.5,24.48
DIST_006,2023-03-19,21.4,8.3,0.0,59.9,21.34
DIST_006,2023-03-20,26.7,15.9,0.0,24.5,24.54
DIST_006,2023-03-21,26.1,13.8,8.5,60.5,14.58
DIST_006,2023-03-22,27.9,18.5,0.0,38.3,24.36
DIST_006,2023-03-23,26.2,17.5,0.0,45.5,18.07
DIST_006,2023-03-24,22.8,13.2,0.0,27.6,18.46
DIST_006,2023-03-25,28.6,20.5,15.3,61.7,20.38
DIST_006,2023-03-26,26.2,16.4,0.0,71.1,20.24
DIST_006,2023-03-27,22.1,13.4,0.0,45.6,30.78
DIST_006,2023-03-28,27.4,14.4,0.0,47.2,21.95
DIST_006,2023-03-29,31.4,21.3,0.0,44.9,22.2
DIST_006,2023-03-30,23.5,12.4,0.0,55.5,18.49
DIST_006,2023-03-31,24.7,10.1,0.7,60.6,23.75
DIST_006,2023-04-01,25.0,16.5,10.8,56.9,8.01
DIST_006,2023-04-02,23.8,10.1,0.0,42.4,32.0
DIST_006,2023-04-03,23.9,10.0,0.0,40.0,26.54
DIST_006,2023-04-04,26.7,11.2,0.0,32.1,21.16
DIST_006,2023-04-05,29.3,16.0,0.0,15.0,22.58
DIST_006,2023-04-06,24.8,13.3,0.0,15.0,22.18
DIST_006,2023-04-07,24.1,15.5,0.0,19.4,27.41
DIST_006,2023-04-08,22.3,12.2,0.0,45.2,19.58
DIST_006,2023-04-09,28.0,15.5,4.0,75.3,17.01
DIST_006,2023-04-10,31.7,21.9,13.7,68.2,12.75
DIST_006,2023-04-11,25.0,14.6,0.0,17.7,23.84
DIST_006,2023-04-12,31.4,20.3,13.6,76.2,11.15
DIST_006,2023-04-13,27.3,13.9,0.0,24.0,24.4
DIST_006,2023-04-14,27.7,15.9,0.0,15.0,23.67
DIST_006,2023-04-15,31.7,18.0,15.7,57.3,13.83
DIST_006,2023-04-16,21.2,5.3,0.0,27.7,22.02
DIST_006,2023-04-17,31.1,16.7,9.9,47.7,12.49
DIST_006,2023-04-18,27.6,18.9,0.0,23.6,28.79
DIST_006,2023-04-19,26.8,16.5,0.0,33.6,24.19
DIST_006,2023-04-20,28.0,17.6,0.0,27.2,24.33
DIST_006,2023-04-21,31.1,20.8,0.0,15.0,31.03
DIST_006,2023-04-22,29.3,18.5,0.0,40.7,13.99
DIST_006,2023-04-23,26.9,12.9,0.0,38.6,24.68
DIST_006,2023-04-24,26.4,15.4,0.0,28.1,17.05
DIST_006,2023-04-25,27.0,11.2,12.7,64.5,13.27
DIST_006,2023-04-26,25.4,13.4,0.0,15.0,29.29
DIST_006,2023-04-27,31.8,17.0,0.0,30.2,22.72
DIST_006,2023-04-28,28.8,18.8,0.0,62.7,23.41
DIST_006,2023-04-29,30.9,17.8,5.3,83.8,16.66
DIST_006,2023-04-30,26.8,12.3,5.6,61.6,17.53
DIST_006,2023-05-01,30.4,15.5,0.0,52.9,21.67
DIST_006,2023-05-02,34.6,23.2,0.0,58.8,12.98
DIST_006,2023-05-03,27.8,17.1,0.0,16.8,18.74
DIST_006,2023-05-04,32.1,16.9,0.0,15.0,22.52
DIST_006,2023-05-05,29.3,14.0,7.4,42.3,8.12
DIST_006,2023-05-06,25.7,12.8,0.0,60.4,17.78
DIST_006,2023-05-07,25.0,10.6,0.0,15.0,21.64
DIST_006,2023-05-08,32.7,21.0,9.8,78.7,8.25
DIST_006,2023-05-09,31.9,22.2,0.0,46.2,28.4
DIST_006,2023-05-10,33.7,22.8,0.0,59.1,20.39
DIST_006,2023-05-11,29.3,18.5,5.4,60.7,14.26
DIST_006,2023-05-12,30.3,19.9,0.0,49.6,15.48
DIST_006,2023-05-13,28.8,20.8,5.3,58.5,16.74
DIST_006,2023-05-14,25.5,17.1,0.0,35.2,21.16
DIST_006,2023-05-15,29.7,18.2,0.0,35.3,24.16
DIST_006,2023-05-16,35.1,20.8,0.0,47.1,20.78
DIST_006,2023-05-17,34.3,23.3,0.0,63.9,23.79
DIST_006,2023-05-18,36.3,26.8,1.5,69.5,21.78
DIST_006,2023-05-19,24.5,9.8,0.0,16.8,29.43
DIST_006,2023-05-20,27.8,15.1,0.0,43.8,17.76
DIST_006,2023-05-21,30.4,18.7,0.5,70.9,22.55
DIST_006,2023-05-22,29.3,20.8,2.1,87.8,21.72
DIST_006,2023-05-23,30.8,16.0,0.0,43.4,22.53
DIST_006,2023-05-24,29.1,14.1,0.0,15.0,18.93
DIST_006,2023-05-25,27.8,13.8,29.5,65.3,13.67
DIST_006,2023-05-26,34.0,22.2,0.0,62.8,26.59
DIST_006,2023-05-27,31.8,22.9,0.3,71.4,18.4
DIST_006,2023-05-28,34.8,25.3,0.0,34.4,24.25
DIST_006,2023-05-29,30.7,16.9,0.0,20.4,22.56
DIST_006,2023-05-30,31.4,19.3,0.0,29.1,21.12
DIST_006,2023-05-31,27.0,16.4,0.0,56.6,26.75
DIST_006,2023-06-01,26.8,15.2,0.0,15.0,22.24
DIST_006,2023-06-02,29.9,16.8,8.8,65.4,15.78
DIST_006,2023-06-03,25.7,9.9,0.0,15.0,17.72
DIST_006,2023-06-04,32.1,19.6,0.0,40.9,20.97
DIST_006,2023-06-05,25.4,9.9,16.4,53.1,16.51
DIST_006,2023-06-06,30.5,15.8,0.0,34.3,14.04
DIST_006,2023-06-07,27.8,18.3,0.7,76.7,29.29
DIST_006,2023-06-08,30.3,17.8,0.0,28.2,24.34
DIST_006,2023-06-09,36.2,20.4,0.0,25.3,25.66
DIST_006,2023-06-10,30.3,19.3,0.0,28.2,23.39
DIST_006,2023-06-11,32.3,20.9,0.0,15.0,22.01
DIST_006,2023-06-12,31.4,19.1,0.0,15.0,21.25
DIST_006,2023-06-13,32.1,22.2,0.0,48.3,16.53
DIST_006,2023-06-14,31.3,18.1,3.7,68.3,21.51
DIST_006,2023-06-15,28.1,19.7,5.8,60.3,13.84
DIST_006,2023-06-16,29.6,18.7,0.0,51.0,17.41
DIST_006,2023-06-17,25.4,11.5,4.1,60.5,19.55
DIST_006,2023-06-18,23.0,9.6,0.0,59.5,28.43
DIST_006,2023-06-19,31.1,15.5,0.0,32.3,21.93
DIST_006,2023-06-20,26.9,17.4,0.0,43.9,18.36
DIST_006,2023-06-21,30.9,15.5,32.7,48.8,15.8
DIST_006,2023-06-22,28.8,13.0,21.3,56.2,11.36
DIST_006,2023-06-23,26.6,12.3,0.0,66.5,22.65
DIST_006,2023-06-24,27.9,12.8,0.0,15.0,21.69
DIST_006,2023-06-25,28.9,17.1,0.0,30.1,28.45
DIST_006,2023-06-26,30.5,16.8,10.6,75.2,18.03
DIST_006,2023-06-27,27.0,11.7,24.5,71.6,10.9
DIST_006,2023-06-28,27.8,17.5,8.1,62.9,15.45
DIST_006,2023-06-29,31.2,18.1,0.0,38.7,27.74
DIST_006,2023-06-30,28.8,20.8,0.0,23.7,19.87
DIST_006,2023-07-01,27.8,18.8,0.0,39.2,26.09
DIST_006,2023-07-02,29.0,13.3,0.0,19.2,23.17
DIST_006,2023-07-03,28.7,16.4,0.0,24.2,21.13
DIST_006,2023-07-04,27.8,16.4,0.0,33.8,26.26
DIST_006,2023-07-05,23.7,11.0,0.0,16.2,25.51
DIST_006,2023-07-06,33.5,24.3,22.1,55.6,21.9
DIST_006,2023-07-07,26.8,14.9,0.0,32.8,25.06
DIST_006,2023-07-08,26.2,12.6,12.4,71.3,10.19
DIST_006,2023-07-09,26.6,14.1,2.0,49.5,20.36
DIST_006,2023-07-10,21.6,6.7,5.1,36.9,13.11
DIST_006,2023-07-11,23.2,9.0,0.0,45.7,22.89
DIST_006,2023-07-12,25.0,12.5,0.0,15.5,20.37
DIST_006,2023-07-13,32.1,17.3,0.0,44.2,25.63
DIST_006,2023-07-14,31.7,15.8,3.7,64.4,17.69
DIST_006,2023-07-15,26.0,14.2,0.0,27.9,25.98
DIST_006,2023-07-16,25.8,10.8,0.0,17.5,24.2
DIST_006,2023-07-17,26.2,14.3,28.5,60.9,13.49
DIST_006,2023-07-18,29.6,16.3,8.4,63.4,13.19
DIST_006,2023-07-19,26.2,13.4,0.0,49.7,21.59
DIST_006,2023-07-20,26.8,15.7,0.0,46.8,18.45
DIST_006,2023-07-21,29.5,19.2,21.4,63.0,10.48
DIST_006,2023-07-22,20.7,6.4,0.0,15.0,20.52
DIST_006,2023-07-23,23.8,8.3,19.6,73.3,8.86
DIST_006,2023-07-24,24.7,13.5,1.8,72.9,20.51
DIST_006,2023-07-25,26.8,17.9,0.0,23.1,18.61
DIST_006,2023-07-26,29.2,18.7,0.8,70.6,27.96
DIST_006,2023-07-27,27.7,16.1,0.0,54.3,17.53
DIST_006,2023-07-28,26.7,15.1,0.0,46.4,26.67
DIST_006,2023-07-29,30.9,22.7,0.0,37.5,24.48
DIST_006,2023-07-30,21.3,12.4,0.4,68.0,25.16
DIST_006,2023-07-31,28.2,15.2,0.0,26.3,21.0
DIST_006,2023-08-01,24.4,14.3,13.0,60.2,7.58
DIST_006,2023-08-02,21.4,5.8,0.0,29.2,28.2
DIST_006,2023-08-03,23.9,14.7,26.6,63.8,17.78
DIST_006,2023-08-04,25.1,15.6,0.0,47.5,23.47
DIST_006,2023-08-05,22.3,6.5,0.0,53.6,25.15
DIST_006,2023-08-06,21.6,10.3,0.0,17.8,20.19
DIST_006,2023-08-07,25.4,13.6,0.0,35.4,18.5
DIST_006,2023-08-08,23.7,9.5,22.7,47.7,9.8
DIST_006,2023-08-09,21.5,9.7,0.0,32.0,19.98
DIST_006,2023-08-10,19.2,10.6,0.0,55.5,22.32
DIST_006,2023-08-11,21.2,12.4,0.0,36.9,21.79
DIST_006,2023-08-12,28.2,16.6,0.0,63.7,25.21
DIST_006,2023-08-13,24.8,14.6,0.0,15.0,21.52
DIST_006,2023-08-14,20.8,10.9,7.3,56.8,6.17
DIST_006,2023-08-15,22.4,7.2,0.0,31.2,17.23
DIST_006,2023-08-16,16.1,8.1,0.0,21.6,23.69
DIST_006,2023-08-17,26.1,16.9,0.0,21.8,18.61
DIST_006,2023-08-18,20.4,8.8,0.0,51.8,22.73
DIST_006,2023-08-19,19.1,6.4,0.0,15.0,14.66
DIST_006,2023-08-20,26.7,13.3,0.8,65.2,26.29
DIST_006,2023-08-21,22.5,12.1,0.0,33.6,19.33
DIST_006,2023-08-22,25.3,16.3,0.0,37.8,17.76
DIST_006,2023-08-23,17.4,3.1,16.6,42.7,18.52
DIST_006,2023-08-24,21.9,6.9,0.0,34.0,23.18
DIST_006,2023-08-25,22.3,7.5,0.0,24.6,14.33
DIST_006,2023-08-26,22.1,7.0,0.0,51.5,20.66
DIST_006,2023-08-27,19.8,8.1,0.0,29.7,14.52
DIST_006,2023-08-28,22.0,13.5,0.0,24.4,20.22
DIST_006,2023-08-29,19.4,4.5,0.0,57.8,24.6
DIST_006,2023-08-30,23.4,9.3,0.0,47.8,16.77
DIST_006,2023-08-31,17.3,2.1,0.0,22.7,20.79
DIST_007,2023-03-01,16.4,2.2,0.0,42.7,21.35
DIST_007,2023-03-02,17.1,3.5,0.0,42.6,21.88
DIST_007,2023-03-03,21.5,7.7,0.0,30.9,21.2
DIST_007,2023-03-04,20.7,6.6,20.4,72.6,14.45
DIST_007,2023-03-05,19.9,4.8,0.0,16.4,22.41
DIST_007,2023-03-06,21.4,11.4,3.0,72.9,22.87
DIST_007,2023-03-07,22.7,11.5,0.0,29.5,10.41
DIST_007,2023-03-08,21.9,6.6,0.0,46.3,20.04
DIST_007,2023-03-09,18.3,9.8,29.6,53.2,13.86
DIST_007,2023-03-10,18.1,4.5,0.0,31.5,17.02
DIST_007,2023-03-11,18.5,8.1,0.0,22.1,21.81
DIST_007,2023-03-12,20.5,11.0,0.0,50.5,22.93
DIST_007,2023-03-13,23.0,11.7,17.2,57.1,12.02
DIST_007,2023-03-14,22.8,12.2,0.0,39.4,20.47
DIST_007,2023-03-15,23.8,11.1,0.0,35.6,27.13
DIST_007,2023-03-16,20.9,7.9,0.0,39.0,15.73
DIST_007,2023-03-17,25.3,15.1,0.0,15.0,19.19
DIST_007,2023-03-18,22.9,8.9,0.0,32.1,25.96
DIST_007,2023-03-19,22.2,13.1,0.0,24.3,21.47
DIST_007,2023-03-20,21.2,12.5,38.8,65.1,14.31
DIST_007,2023-03-21,23.6,8.2,0.0,32.4,18.85
DIST_007,2023-03-22,23.2,14.5,0.0,32.3,26.1
DIST_007,2023-03-23,26.5,12.1,0.0,15.0,16.62
DIST_007,2023-03-24,25.0,14.9,0.0,31.5,22.75
DIST_007,2023-03-25,25.1,14.0,0.0,20.2,27.29
DIST_007,2023-03-26,25.2,10.8,0.0,19.3,22.46
DIST_007,2023-03-27,24.4,14.0,0.9,68.5,18.61
DIST_007,2023-03-28,24.3,10.9,0.0,49.1,23.13
DIST_007,2023-03-29,26.4,18.1,6.4,61.4,12.3
DIST_007,2023-03-30,24.4,11.9,0.0,36.3,26.0
DIST_007,2023-03-31,26.2,12.0,0.0,36.8,30.68
DIST_007,2023-04-01,23.5,13.9,4.5,54.1,25.32
DIST_007,2023-04-02,23.6,10.2,0.0,28.5,17.54
DIST_007,2023-04-03,28.3,13.1,0.0,44.8,22.08
DIST_007,2023-04-04,25.1,14.7,0.0,45.0,30.32
DIST_007,2023-04-05,28.6,17.1,0.0,15.0,19.88
DIST_007,2023-04-06,26.4,11.8,0.0,52.3,21.31
DIST_007,2023-04-07,27.3,14.9,40.3,61.5,6.0
DIST_007,2023-04-08,20.3,8.0,57.8,56.8,16.96
DIST_007,2023-04-09,25.2,11.4,0.0,23.8,25.23
DIST_007,2023-04-10,26.3,15.9,15.9,58.9,13.17
DIST_007,2023-04-11,31.9,16.4,0.0,25.9,20.75
DIST_007,2023-04-12,30.6,18.1,8.4,66.7,7.94
DIST_007,2023-04-13,28.1,18.4,11.7,71.8,11.1
DIST_007,2023-04-14,20.7,6.2,0.0,20.3,25.65
DIST_007,2023-04-15,25.5,14.6,0.0,15.0,22.08
DIST_007,2023-04-16,22.0,12.8,3.3,76.9,24.87
DIST_007,2023-04-17,28.2,13.3,13.0,74.0,8.73
DIST_007,2023-04-18,29.1,14.9,0.0,50.9,19.32
DIST_007,2023-04-19,30.5,17.6,0.0,56.6,23.38
DIST_007,2023-04-20,26.4,13.8,0.0,39.7,19.65
DIST_007,2023-04-21,31.1,17.4,0.0,65.2,23.54
DIST_007,2023-04-22,28.1,15.3,6.2,50.7,12.95
DIST_007,2023-04-23,32.5,19.4,0.0,28.0,25.65
DIST_007,2023-04-24,34.2,25.6,0.0,32.9,14.12
DIST_007,2023-04-25,24.4,9.2,0.5,50.6,28.19
DIST_007,2023-04-26,23.6,9.6,7.3,56.1,11.89
DIST_007,2023-04-27,32.7,20.1,0.0,41.6,19.48
DIST_007,2023-04-28,28.4,13.0,0.0,37.5,18.23
DIST_007,2023-04-29,35.6,19.9,0.0,59.4,18.75
DIST_007,2023-04-30,28.3,12.7,0.0,26.0,24.54
DIST_007,2023-05-01,27.8,16.4,0.0,54.9,21.12
DIST_007,2023-05-02,27.5,15.8,0.0,45.0,13.34
DIST_007,2023-05-03,25.8,14.3,0.0,36.2,22.18
DIST_007,2023-05-04,32.1,18.3,0.0,34.5,29.0
DIST_007,2023-05-05,31.1,23.0,0.0,17.1,18.84
DIST_007,2023-05-06,27.1,17.6,5.4,45.1,9.79
DIST_007,2023-05-07,29.5,21.1,3.7,67.6,16.56
DIST_007,2023-05-08,22.7,8.1,0.0,27.6,20.92
DIST_007,2023-05-09,27.1,11.3,0.0,24.5,19.93
DIST_007,2023-05-10,18.2,6.9,0.0,22.7,20.34
DIST_007,2023-05-11,27.9,15.4,0.0,41.3,19.02
DIST_007,2023-05-12,23.6,8.7,0.0,27.0,16.29
DIST_007,2023-05-13,35.2,26.5,0.0,22.8,21.36
DIST_007,2023-05-14,28.7,19.1,0.0,35.2,22.43
DIST_007,2023-05-15,28.0,12.4,6.5,43.5,22.75
DIST_007,2023-05-16,25.0,15.8,16.4,90.5,16.39
DIST_007,2023-05-17,27.7,13.8,2.7,76.0,15.55
DIST_007,2023-05-18,27.1,17.6,0.0,15.0,14.08
DIST_007,2023-05-19,28.4,16.3,0.0,16.1,18.64
DIST_007,2023-05-20,22.3,12.8,2.0,89.8,21.67
DIST_007,2023-05-21,27.5,17.7,0.0,41.7,13.99
DIST_007,2023-05-22,28.7,20.2,2.9,91.7,19.76
DIST_007,2023-05-23,29.0,18.4,0.0,38.3,22.95
DIST_007,2023-05-24,28.3,13.7,3.4,54.0,19.37
DIST_007,2023-05-25,30.2,19.3,0.0,35.8,26.82
DIST_007,2023-05-26,26.7,11.2,0.0,40.2,22.24
DIST_007,2023-05-27,29.4,17.3,0.0,31.1,18.33
DIST_007,2023-05-28,30.1,18.7,0.0,44.1,20.36
DIST_007,2023-05-29,27.8,17.5,0.0,31.6,24.82
DIST_007,2023-05-30,25.6,11.7,0.0,36.3,24.54
DIST_007,2023-05-31,29.1,14.0,0.0,36.8,25.15
DIST_007,2023-06-01,28.3,19.6,0.0,53.0,19.96
DIST_007,2023-06-02,27.3,18.0,0.0,46.3,15.71
DIST_007,2023-06-03,28.0,19.9,0.0,39.9,21.43
DIST_007,2023-06-04,29.8,19.1,28.4,58.9,7.26
DIST_007,2023-06-05,29.7,14.2,0.0,49.2,31.47
DIST_007,2023-06-06,26.0,16.1,0.0,48.6,19.17
DIST_007,2023-06-07,25.9,17.0,0.0,18.1,19.57
DIST_007,2023-06-08,27.9,18.1,8.4,54.6,13.25
DIST_007,2023-06-09,33.6,21.0,0.0,37.8,32.0
DIST_007,2023-06-10,31.8,19.7,0.0,51.4,16.2
DIST_007,2023-06-11,29.4,15.6,0.0,26.9,19.35
DIST_007,2023-06-12,27.1,18.5,2.2,64.4,16.04
DIST_007,2023-06-13,29.1,17.9,0.0,17.2,23.64
DIST_007,2023-06-14,30.2,14.3,26.3,95.0,17.89
DIST_007,2023-06-15,26.3,14.4,0.0,54.4,23.95
DIST_007,2023-06-16,31.9,21.0,0.0,37.4,18.71
DIST_007,2023-06-17,28.2,13.8,0.0,50.4,21.49
DIST_007,2023-06-18,26.9,13.3,0.0,68.8,26.32
DIST_007,2023-06-19,27.9,19.7,8.6,48.3,9.54
DIST_007,2023-06-20,29.4,15.3,0.0,32.1,24.88
DIST_007,2023-06-21,29.9,17.4,0.0,26.0,18.08
DIST_007,2023-06-22,27.3,16.6,8.4,66.9,14.67
DIST_007,2023-06-23,24.4,10.4,0.0,31.9,19.28
DIST_007,2023-06-24,26.9,15.0,18.5,26.9,8.38
DIST_007,2023-06-25,19.7,5.6,5.5,59.8,9.09
DIST_007,2023-06-26,35.3,25.9,0.0,19.1,19.5
DIST_007,2023-06-27,27.3,15.7,0.0,53.6,28.35
DIST_007,2023-06-28,33.1,24.8,0.0,25.7,18.36
DIST_007,2023-06-29,29.6,16.9,0.0,25.4,18.98
DIST_007,2023-06-30,28.8,18.4,0.0,20.2,19.37
DIST_007,2023-07-01,29.0,18.2,0.0,43.5,16.07
DIST_007,2023-07-02,25.2,15.4,34.2,83.0,13.81
DIST_007,2023-07-03,25.9,10.8,0.0,27.5,21.36
DIST_007,2023-07-04,29.9,20.7,0.0,21.8,20.2
DIST_007,2023-07-05,23.4,11.5,0.0,27.3,18.93
DIST_007,2023-07-06,33.1,24.1,0.0,21.0,18.15
DIST_007,2023-07-07,30.9,15.0,0.0,44.9,21.48
DIST_007,2023-07-08,29.6,20.3,0.0,15.0,19.73
DIST_007,2023-07-09,30.3,16.9,0.0,28.6,15.23
DIST_007,2023-07-10,25.7,16.7,0.0,29.6,23.57
DIST_007,2023-07-11,27.0,17.8,0.0,50.7,20.09
DIST_007,2023-07-12,26.7,15.5,0.0,15.0,23.76
DIST_007,2023-07-13,24.3,9.1,0.0,15.7,19.7
DIST_007,2023-07-14,27.9,13.6,0.0,24.0,17.52
DIST_007,2023-07-15,23.3,13.7,0.0,46.9,30.53
DIST_007,2023-07-16,22.9,9.5,0.0,50.0,28.08
DIST_007,2023-07-17,26.4,15.5,4.4,53.5,25.06
DIST_007,2023-07-18,26.9,18.2,0.0,50.2,17.05
DIST_007,2023-07-19,28.1,19.8,0.0,36.3,22.66
DIST_007,2023-07-20,21.5,6.7,0.0,53.5,20.39
DIST_007,2023-07-21,23.4,8.9,0.0,32.0,15.07
DIST_007,2023-07-22,25.1,13.0,0.0,37.8,21.89
DIST_007,2023-07-23,23.3,14.8,0.0,43.1,21.23
DIST_007,2023-07-24,25.5,11.3,0.0,36.5,25.59
DIST_007,2023-07-25,28.0,14.5,0.0,46.8,17.17
DIST_007,2023-07-26,33.1,17.1,0.0,37.3,21.03
DIST_007,2023-07-27,25.1,16.4,0.0,15.0,22.29
DIST_007,2023-07-28,24.9,15.2,0.0,26.1,14.79
DIST_007,2023-07-29,25.2,16.6,0.0,35.0,19.37
DIST_007,2023-07-30,23.5,8.1,0.0,22.8,25.16
DIST_007,2023-07-31,26.0,14.5,0.0,42.8,29.8
DIST_007,2023-08-01,21.9,7.6,10.7,75.4,9.59
DIST_007,2023-08-02,21.0,10.2,0.0,15.0,23.62
DIST_007,2023-08-03,23.2,7.2,0.0,78.5,23.77
DIST_007,2023-08-04,17.8,8.5,1.3,82.6,20.85
DIST_007,2023-08-05,24.8,16.2,0.0,54.7,28.98
DIST_007,2023-08-06,22.9,11.4,0.0,26.4,18.42
DIST_007,2023-08-07,25.9,14.4,0.0,69.2,12.22
DIST_007,2023-08-08,26.0,11.3,0.0,36.3,20.44
DIST_007,2023-08-09,19.3,9.0,0.0,23.3,19.71
DIST_007,2023-08-10,21.2,8.4,0.0,15.0,16.3
DIST_007,2023-08-11,22.2,9.6,0.0,31.0,26.47
DIST_007,2023-08-12,28.4,19.4,18.7,45.7,17.7
DIST_007,2023-08-13,18.5,9.7,0.0,15.0,23.13
DIST_007,2023-08-14,25.6,14.6,3.3,84.5,14.8
DIST_007,2023-08-15,23.4,13.2,0.0,38.7,25.31
DIST_007,2023-08-16,22.8,9.2,0.0,54.9,22.01
DIST_007,2023-08-17,23.6,11.2,0.0,18.8,19.04
DIST_007,2023-08-18,21.6,11.3,0.0,29.4,22.5
DIST_007,2023-08-19,23.3,14.5,0.0,40.3,15.48
DIST_007,2023-08-20,15.9,7.0,1.2,65.9,26.11
DIST_007,2023-08-21,19.7,7.3,0.0,27.7,19.04
DIST_007,2023-08-22,23.5,15.2,0.0,35.4,21.75
DIST_007,2023-08-23,18.3,5.3,0.0,32.4,21.24
DIST_007,2023-08-24,20.3,9.5,0.0,34.9,18.81
DIST_007,2023-08-25,19.5,5.3,14.6,95.0,11.89
DIST_007,2023-08-26,22.0,7.6,0.0,17.6,20.6
DIST_007,2023-08-27,16.3,7.1,3.6,75.3,17.52
DIST_007,2023-08-28,22.8,10.8,0.0,29.7,28.82
DIST_007,2023-08-29,22.8,12.9,0.0,36.7,19.67
DIST_007,2023-08-30,23.7,14.1,0.0,31.3,23.68
DIST_007,2023-08-31,15.3,0.5,0.0,23.8,25.83
DIST_008,2023-03-01,19.8,8.5,34.7,64.7,20.18
DIST_008,2023-03-02,16.7,2.4,0.0,40.8,23.49
DIST_008,2023-03-03,16.8,3.4,0.0,60.4,16.67
DIST_008,2023-03-04,16.9,6.2,0.0,40.1,16.68
DIST_008,2023-03-05,17.4,2.0,0.0,15.0,22.98
DIST_008,2023-03-06,23.5,8.6,0.0,37.5,24.73
DIST_008,2023-03-07,21.8,7.1,0.0,15.0,25.63
DIST_008,2023-03-08,22.9,12.4,0.0,38.6,23.31
DIST_008,2023-03-09,19.4,11.1,10.4,67.8,16.74
DIST_008,2023-03-10,21.0,7.5,0.0,38.6,21.08
DIST_008,2023-03-11,27.3,14.7,0.7,56.8,16.04
DIST_008,2023-03-12,17.3,3.9,0.0,35.5,6.0
DIST_008,2023-03-13,19.2,3.2,0.0,40.0,18.4
DIST_008,2023-03-14,22.1,9.5,0.0,47.1,21.74
DIST_008,2023-03-15,20.3,4.6,0.0,46.4,15.8
DIST_008,2023-03-16,19.8,9.9,0.0,39.0,23.65
DIST_008,2023-03-17,23.5,7.7,0.0,43.4,24.51
DIST_008,2023-03-18,20.4,9.8,0.0,15.0,18.51
DIST_008,2023-03-19,24.6,15.7,0.0,17.0,17.84
DIST_008,2023-03-20,19.4,11.1,6.5,44.1,10.79
DIST_008,2023-03-21,21.8,11.4,0.0,57.0,14.72
DIST_008,2023-03-22,24.4,11.4,0.0,31.8,16.82
DIST_008,2023-03-23,23.0,7.5,5.4,56.3,11.58
DIST_008,2023-03-24,24.6,16.0,0.0,35.6,18.99
DIST_008,2023-03-25,20.8,12.0,23.1,77.1,10.3
DIST_008,2023-03-26,25.4,11.7,0.0,32.6,26.37
DIST_008,2023-03-27,24.6,10.1,0.0,30.6,15.27
DIST_008,2023-03-28,28.0,19.9,0.7,41.4,24.69
DIST_008,2023-03-29,25.1,9.9,2.9,53.4,23.26
DIST_008,2023-03-30,32.4,20.2,0.0,23.4,25.02
DIST_008,2023-03-31,22.1,10.5,0.0,31.6,20.87
DIST_008,2023-04-01,22.9,12.0,17.2,73.0,15.83
DIST_008,2023-04-02,25.3,15.2,0.0,74.9,23.83
DIST_008,2023-04-03,24.6,8.9,0.0,15.0,16.31
DIST_008,2023-04-04,26.3,12.6,21.5,75.5,8.28
DIST_008,2023-04-05,31.5,16.5,0.0,28.0,30.39
DIST_008,2023-04-06,23.7,12.0,0.0,36.5,26.82
DIST_008,2023-04-07,25.3,14.8,0.0,59.5,18.75
DIST_008,2023-04-08,25.6,13.1,5.5,79.0,14.37
DIST_008,2023-04-09,22.0,9.6,0.0,33.7,26.18
DIST_008,2023-04-10,23.6,8.8,11.8,47.7,9.65
DIST_008,2023-04-11,32.7,20.8,0.0,23.3,18.23
DIST_008,2023-04-12,27.2,19.1,0.0,64.0,19.2
DIST_008,2023-04-13,26.7,12.8,0.0,39.2,16.42
DIST_008,2023-04-14,28.5,14.6,0.0,37.6,20.75
DIST_008,2023-04-15,27.4,18.9,0.0,22.8,24.24
DIST_008,2023-04-16,22.8,12.8,0.0,48.9,27.61
DIST_008,2023-04-17,26.9,14.9,0.0,44.2,24.55
DIST_008,2023-04-18,24.4,9.4,0.0,25.5,16.74
DIST_008,2023-04-19,23.1,9.9,0.0,20.9,20.45
DIST_008,2023-04-20,33.3,18.4,0.0,48.2,20.07
DIST_008,2023-04-21,27.6,12.4,0.0,45.5,22.89
DIST_008,2023-04-22,28.7,15.1,0.0,52.1,23.71
DIST_008,2023-04-23,30.9,17.7,7.6,56.0,6.96
DIST_008,2023-04-24,24.6,16.5,0.0,41.4,18.83
DIST_008,2023-04-25,22.2,6.7,0.0,20.1,19.87
DIST_008,2023-04-26,32.2,20.4,0.3,82.4,20.76
DIST_008,2023-04-27,22.6,8.3,0.0,55.0,20.43
DIST_008,2023-04-28,29.1,18.4,52.1,68.7,19.98
DIST_008,2023-04-29,27.7,13.2,0.0,65.7,30.46
DIST_008,2023-04-30,26.9,14.5,5.1,60.9,16.35
DIST_008,2023-05-01,25.4,10.4,0.0,21.9,16.64
DIST_008,2023-05-02,25.9,15.8,0.0,21.9,28.42
DIST_008,2023-05-03,24.5,12.3,19.9,47.0,13.61
DIST_008,2023-05-04,29.6,16.0,0.0,27.4,20.46
DIST_008,2023-05-05,22.7,9.6,0.0,15.0,23.71
DIST_008,2023-05-06,25.5,13.6,0.0,41.6,26.33
DIST_008,2023-05-07,24.8,12.2,0.0,39.6,24.55
DIST_008,2023-05-08,32.0,18.1,0.0,27.1,16.82
DIST_008,2023-05-09,33.2,22.4,0.0,38.0,21.08
DIST_008,2023-05-10,33.0,21.0,0.0,15.0,24.95
DIST_008,2023-05-11,32.9,22.9,22.0,48.3,10.1
DIST_008,2023-05-12,27.6,13.8,0.0,28.8,17.96
DIST_008,2023-05-13,28.0,15.3,0.8,64.6,23.75
DIST_008,2023-05-14,31.9,22.5,3.5,53.7,23.59
DIST_008,2023-05-15,30.3,17.0,7.9,75.0,14.64
DIST_008,2023-05-16,29.2,19.9,0.0,15.7,23.93
DIST_008,2023-05-17,27.8,17.7,0.0,50.4,20.97
DIST_008,2023-05-18,29.4,17.9,18.9,54.0,14.38
DIST_008,2023-05-19,23.2,13.5,0.0,29.7,21.56
DIST_008,2023-05-20,32.8,23.8,4.7,72.0,22.06
DIST_008,2023-05-21,30.9,22.8,0.0,15.0,20.0
DIST_008,2023-05-22,34.7,23.5,0.0,42.2,20.17
DIST_008,2023-05-23,32.1,20.7,0.0,16.1,26.63
DIST_008,2023-05-24,36.8,25.5,0.0,15.0,20.67
DIST_008,2023-05-25,30.1,21.4,0.0,16.9,21.85
DIST_008,2023-05-26,24.5,12.7,0.0,42.1,21.33
DIST_008,2023-05-27,28.9,20.2,0.0,49.8,23.62
DIST_008,2023-05-28,32.1,20.3,0.0,27.4,24.67
DIST_008,2023-05-29,25.7,10.6,0.0,15.0,26.36
DIST_008,2023-05-30,28.9,18.2,0.0,56.8,21.88
DIST_008,2023-05-31,31.1,21.3,0.0,15.0,20.75
DIST_008,2023-06-01,30.9,19.3,0.0,42.0,14.62
DIST_008,2023-06-02,32.9,18.1,0.0,37.9,23.13
DIST_008,2023-06-03,31.6,16.8,0.0,54.0,24.21
DIST_008,2023-06-04,27.3,12.0,0.0,24.4,25.55
DIST_008,2023-06-05,29.7,17.2,0.0,40.7,22.29
DIST_008,2023-06-06,29.0,13.4,0.0,55.4,19.55
DIST_008,2023-06-07,27.2,13.9,4.1,84.3,26.39
DIST_008,2023-06-08,28.5,16.0,19.4,64.1,8.07
DIST_008,2023-06-09,29.5,17.5,0.0,23.7,24.07
DIST_008,2023-06-10,32.7,20.1,0.0,49.0,16.86
DIST_008,2023-06-11,34.0,18.9,0.0,54.0,24.32
DIST_008,2023-06-12,33.5,24.9,0.0,27.7,25.59
DIST_008,2023-06-13,23.3,10.3,0.0,15.0,22.07
DIST_008,2023-06-14,25.1,13.7,0.0,40.4,19.66
DIST_008,2023-06-15,31.6,17.0,2.6,50.7,20.6
DIST_008,2023-06-16,27.6,17.5,0.0,20.8,23.69
DIST_008,2023-06-17,36.0,24.6,16.1,53.2,17.81
DIST_008,2023-06-18,22.6,9.7,0.0,51.3,13.59
DIST_008,2023-06-19,31.0,19.9,0.0,59.7,26.07
DIST_008,2023-06-20,34.0,24.4,0.0,47.4,26.22
DIST_008,2023-06-21,28.2,19.3,0.0,17.1,25.93
DIST_008,2023-06-22,26.2,11.7,0.0,41.0,28.23
DIST_008,2023-06-23,23.5,14.1,2.4,78.6,18.69
DIST_008,2023-06-24,30.1,14.3,0.0,15.0,15.71
DIST_008,2023-06-25,26.7,12.0,0.0,44.1,19.2
DIST_008,2023-06-26,30.3,15.2,11.5,80.9,19.17
DIST_008,2023-06-27,30.4,16.3,0.0,29.4,27.12
DIST_008,2023-06-28,34.0,18.5,0.0,23.3,18.52
DIST_008,2023-06-29,28.4,20.0,0.0,41.1,27.07
DIST_008,2023-06-30,27.6,17.0,0.0,38.7,32.0
DIST_008,2023-07-01,24.9,13.0,0.0,30.3,23.82
DIST_008,2023-07-02,33.3,22.3,3.4,76.3,21.43
DIST_008,2023-07-03,26.4,12.6,0.0,15.1,22.65
DIST_008,2023-07-04,24.0,8.8,0.0,34.6,25.53
DIST_008,2023-07-05,27.9,12.0,0.0,39.6,27.92
DIST_008,2023-07-06,25.8,14.1,3.3,51.4,21.04
DIST_008,2023-07-07,27.2,11.6,0.0,15.1,16.14
DIST_008,2023-07-08,25.5,16.0,0.0,30.3,26.35
DIST_008,2023-07-09,32.4,23.9,0.0,41.6,25.64
DIST_008,2023-07-10,30.3,21.8,13.7,77.2,11.64
DIST_008,2023-07-11,27.9,13.5,0.0,32.1,27.11
DIST_008,2023-07-12,25.9,11.1,0.0,56.0,20.41
DIST_008,2023-07-13,28.6,14.3,0.0,22.2,20.9
DIST_008,2023-07-14,29.7,17.4,1.9,77.8,29.9
DIST_008,2023-07-15,24.4,13.6,0.0,24.0,19.33
DIST_008,2023-07-16,26.6,12.6,13.4,67.7,12.76
DIST_008,2023-07-17,23.4,15.2,0.0,36.3,25.95
DIST_008,2023-07-18,29.8,19.7,29.6,55.2,12.66
DIST_008,2023-07-19,22.6,10.8,59.5,75.2,7.71
DIST_008,2023-07-20,22.1,6.7,0.0,23.3,21.5
DIST_008,2023-07-21,26.1,17.6,32.9,88.0,17.42
DIST_008,2023-07-22,28.7,17.2,13.7,87.5,16.87
DIST_008,2023-07-23,25.9,15.3,0.0,44.9,20.44
DIST_008,2023-07-24,24.9,11.7,1.5,63.0,15.85
DIST_008,2023-07-25,19.6,6.1,0.0,42.7,16.98
DIST_008,2023-07-26,26.2,17.3,0.0,20.1,23.63
DIST_008,2023-07-27,28.0,16.2,0.0,40.5,21.13
DIST_008,2023-07-28,24.7,9.1,0.0,15.0,20.39
DIST_008,2023-07-29,23.4,13.6,0.0,30.7,17.42
DIST_008,2023-07-30,27.6,15.2,0.0,29.4,22.64
DIST_008,2023-07-31,28.7,16.3,0.0,33.0,21.56
DIST_008,2023-08-01,23.2,13.4,0.0,18.0,22.3
DIST_008,2023-08-02,24.3,8.3,0.0,15.0,21.96
DIST_008,2023-08-03,19.9,9.4,0.0,63.9,20.65
DIST_008,2023-08-04,20.8,6.2,0.0,30.8,20.9
DIST_008,2023-08-05,18.9,6.3,15.1,75.4,15.36
DIST_008,2023-08-06,28.7,15.7,17.1,90.5,17.85
DIST_008,2023-08-07,24.3,10.1,0.0,40.4,21.59
DIST_008,2023-08-08,19.5,4.4,0.0,30.6,22.98
DIST_008,2023-08-09,25.4,13.7,0.0,22.3,23.53
DIST_008,2023-08-10,29.1,14.0,19.0,69.8,12.67
DIST_008,2023-08-11,23.0,14.9,0.0,39.0,27.72
DIST_008,2023-08-12,23.4,10.2,1.1,82.6,25.69
DIST_008,2023-08-13,24.3,11.9,0.0,22.3,22.98
DIST_008,2023-08-14,20.9,8.1,0.0,66.0,18.96
DIST_008,2023-08-15,24.9,13.9,0.0,29.0,28.05
DIST_008,2023-08-16,18.4,5.1,0.0,34.7,30.86
DIST_008,2023-08-17,21.2,11.9,0.0,29.5,17.59
DIST_008,2023-08-18,15.7,2.9,0.0,64.5,18.64
DIST_008,2023-08-19,19.6,9.6,14.7,73.5,17.31
DIST_008,2023-08-20,16.6,2.9,0.0,50.4,22.02
DIST_008,2023-08-21,18.0,5.9,0.0,62.3,24.84
DIST_008,2023-08-22,20.3,5.1,0.0,21.8,15.97
DIST_008,2023-08-23,19.0,7.8,0.0,25.8,20.92
DIST_008,2023-08-24,21.1,8.1,0.0,45.5,26.74
DIST_008,2023-08-25,18.7,3.3,1.0,48.1,24.99
DIST_008,2023-08-26,20.4,9.5,0.0,44.5,18.79
DIST_008,2023-08-27,20.8,5.7,46.3,72.8,11.14
DIST_008,2023-08-28,19.1,6.0,7.0,57.0,13.93
DIST_008,2023-08-29,13.3,1.3,0.0,48.8,21.07
DIST_008,2023-08-30,19.5,4.4,0.0,51.9,18.82
DIST_008,2023-08-31,17.2,6.8,11.7,91.4,20.06
DIST_009,2023-03-01,18.2,6.4,0.0,56.0,19.02
DIST_009,2023-03-02,14.7,1.3,0.0,40.7,19.6
DIST_009,2023-03-03,19.0,8.8,0.0,46.9,19.47
DIST_009,2023-03-04,15.5,0.3,0.0,30.8,19.35
DIST_009,2023-03-05,18.8,5.5,0.0,69.6,23.28
DIST_009,2023-03-06,20.0,4.7,3.7,51.3,19.69
DIST_009,2023-03-07,18.1,9.7,1.2,38.5,21.9
DIST_009,2023-03-08,18.5,7.8,0.0,38.2,19.02
DIST_009,2023-03-09,22.6,14.1,0.0,27.0,28.43
DIST_009,2023-03-10,20.0,4.4,0.0,47.2,25.68
DIST_009,2023-03-11,26.2,17.9,0.0,44.9,21.46
DIST_009,2023-03-12,25.5,10.5,0.0,15.0,18.72
DIST_009,2023-03-13,20.6,4.8,0.0,22.5,20.36
DIST_009,2023-03-14,26.8,12.3,0.0,30.5,23.65
DIST_009,2023-03-15,16.6,3.2,0.0,18.5,22.89
DIST_009,2023-03-16,20.8,9.3,6.4,53.5,14.12
DIST_009,2023-03-17,16.3,4.0,0.0,53.5,21.53
DIST_009,2023-03-18,21.2,12.2,0.0,44.9,20.37
DIST_009,2023-03-19,21.3,9.5,4.1,84.3,19.55
DIST_009,2023-03-20,19.9,11.0,0.0,36.7,25.52
DIST_009,2023-03-21,25.8,16.2,0.0,47.6,18.41
DIST_009,2023-03-22,22.9,11.7,0.0,55.2,18.02
DIST_009,2023-03-23,23.8,10.6,0.0,41.2,20.8
DIST_009,2023-03-24,18.1,7.8,0.0,43.3,25.53
DIST_009,2023-03-25,23.1,9.3,0.0,41.5,20.52
DIST_009,2023-03-26,21.3,11.2,0.0,40.9,21.32
DIST_009,2023-03-27,23.2,9.9,0.0,71.6,24.12
DIST_009,2023-03-28,21.6,7.8,0.0,38.9,24.33
DIST_009,2023-03-29,24.4,8.7,0.0,36.4,20.41
DIST_009,2023-03-30,24.8,10.2,10.0,39.2,9.79
DIST_009,2023-03-31,26.6,12.4,0.0,28.4,26.33
DIST_009,2023-04-01,17.8,5.5,0.0,25.2,20.69
DIST_009,2023-04-02,23.5,10.3,0.0,15.3,26.06
DIST_009,2023-04-03,18.5,3.8,0.0,20.1,17.16
DIST_009,2023-04-04,27.4,12.7,8.8,66.6,13.85
DIST_009,2023-04-05,23.4,7.5,0.0,50.5,22.98
DIST_009,2023-04-06,26.4,15.8,0.0,32.1,18.42
DIST_009,2023-04-07,29.0,18.2,0.0,56.8,26.31
DIST_009,2023-04-08,27.4,14.6,0.0,36.4,28.19
DIST_009,2023-04-09,27.5,18.4,0.0,36.8,20.4
DIST_009,2023-04-10,21.8,13.4,3.8,72.5,21.38
DIST_009,2023-04-11,24.7,9.6,66.2,78.0,10.47
DIST_009,2023-04-12,22.7,12.6,0.0,31.4,26.2
DIST_009,2023-04-13,21.0,11.4,0.0,15.0,23.47
DIST_009,2023-04-14,25.5,12.0,0.0,15.0,19.93
DIST_009,2023-04-15,27.5,17.4,1.7,53.5,19.46
DIST_009,2023-04-16,24.3,13.9,3.9,54.3,17.71
DIST_009,2023-04-17,28.7,19.4,8.3,95.0,16.33
DIST_009,2023-04-18,29.5,14.6,5.4,68.6,15.37
DIST_009,2023-04-19,27.1,12.6,3.9,62.4,28.33
DIST_009,2023-04-20,33.4,24.6,0.0,49.3,21.61
DIST_009,2023-04-21,30.3,17.3,0.0,33.0,21.57
DIST_009,2023-04-22,25.0,13.3,1.1,61.3,31.4
DIST_009,2023-04-23,18.3,5.6,0.0,23.8,29.49
DIST_009,2023-04-24,23.1,11.6,0.0,50.1,17.41
DIST_009,2023-04-25,25.1,16.4,0.0,15.0,23.85
DIST_009,2023-04-26,27.6,12.5,0.0,41.1,21.7
DIST_009,2023-04-27,30.6,20.6,19.7,67.9,11.59
DIST_009,2023-04-28,24.3,10.7,0.0,42.3,21.04
DIST_009,2023-04-29,21.2,6.5,0.0,15.3,29.12
DIST_009,2023-04-30,21.6,7.9,0.0,41.0,23.84
DIST_009,2023-05-01,26.9,18.3,0.0,15.0,21.03
DIST_009,2023-05-02,29.4,15.4,0.0,50.4,21.33
DIST_009,2023-05-03,29.5,17.2,0.0,33.6,28.23
DIST_009,2023-05-04,23.0,11.6,0.0,35.6,21.79
DIST_009,2023-05-05,26.6,14.8,0.0,52.0,22.21
DIST_009,2023-05-06,24.7,12.1,6.0,38.6,10.77
DIST_009,2023-05-07,33.4,18.2,0.0,34.3,17.16
DIST_009,2023-05-08,30.4,15.4,0.0,53.8,17.06
DIST_009,2023-05-09,30.6,17.9,0.0,15.0,28.54
DIST_009,2023-05-10,25.7,11.9,0.0,40.8,14.8
DIST_009,2023-05-11,28.9,14.6,0.0,41.9,27.79
DIST_009,2023-05-12,30.3,16.1,0.0,33.9,16.81
DIST_009,2023-05-13,31.4,21.9,4.2,55.5,23.69
DIST_009,2023-05-14,29.1,18.1,0.0,57.9,14.0
DIST_009,2023-05-15,29.2,17.8,0.0,55.5,24.78
DIST_009,2023-05-16,31.4,21.8,0.0,43.8,29.21
DIST_009,2023-05-17,28.3,14.9,0.0,19.7,21.14
DIST_009,2023-05-18,30.6,22.6,0.0,22.1,18.4
DIST_009,2023-05-19,35.0,24.4,30.5,50.5,19.0
DIST_009,2023-05-20,28.4,18.9,0.0,27.3,21.94
DIST_009,2023-05-21,34.5,19.4,7.2,59.7,14.69
DIST_009,2023-05-22,32.3,21.4,0.0,15.0,15.59
DIST_009,2023-05-23,33.0,24.2,9.0,58.1,18.06
DIST_009,2023-05-24,29.5,20.2,0.0,54.1,19.7
DIST_009,2023-05-25,29.8,19.3,4.6,82.3,16.15
DIST_009,2023-05-26,31.9,20.7,0.0,27.0,28.54
DIST_009,2023-05-27,28.5,16.7,2.8,65.5,16.51
DIST_009,2023-05-28,24.3,10.6,0.0,53.0,24.62
DIST_009,2023-05-29,26.8,16.3,0.0,15.0,18.53
DIST_009,2023-05-30,31.4,21.0,0.0,52.1,15.77
DIST_009,2023-05-31,25.9,13.4,9.9,51.8,15.47
DIST_009,2023-06-01,26.9,17.1,0.0,52.4,21.1
DIST_009,2023-06-02,25.8,11.9,0.0,17.1,22.75
DIST_009,2023-06-03,30.1,21.9,0.0,16.2,17.97
DIST_009,2023-06-04,23.7,13.6,0.0,24.1,30.26
DIST_009,2023-06-05,23.7,12.0,0.0,54.3,15.21
DIST_009,2023-06-06,26.6,18.0,2.3,72.0,20.81
DIST_009,2023-06-07,30.4,19.7,0.0,36.7,24.33
DIST_009,2023-06-08,34.0,21.7,0.0,56.9,23.85
DIST_009,2023-06-09,29.9,14.3,0.0,36.7,19.92
DIST_009,2023-06-10,28.5,15.5,8.7,57.0,19.26
DIST_009,2023-06-11,29.5,18.9,2.3,85.0,23.19
DIST_009,2023-06-12,31.9,22.0,0.0,33.6,25.55
DIST_009,2023-06-13,30.3,19.1,0.0,32.8,23.91
DIST_009,2023-06-14,23.8,11.3,12.7,72.7,19.12
DIST_009,2023-06-15,27.6,18.0,0.0,44.8,22.79
DIST_009,2023-06-16,27.8,19.6,0.0,40.5,19.86
DIST_009,2023-06-17,24.3,10.3,0.0,35.3,14.9
DIST_009,2023-06-18,29.1,16.4,0.0,48.0,16.36
DIST_009,2023-06-19,25.1,15.4,0.0,43.8,20.61
DIST_009,2023-06-20,32.0,23.0,0.0,20.8,14.49
DIST_009,2023-06-21,30.5,21.9,11.2,63.2,12.0
DIST_009,2023-06-22,28.5,17.6,0.0,61.7,22.0
DIST_009,2023-06-23,31.8,15.9,0.0,39.2,30.52
DIST_009,2023-06-24,31.4,16.8,36.4,74.4,14.17
DIST_009,2023-06-25,26.4,17.0,0.0,41.7,20.31
DIST_009,2023-06-26,23.1,10.3,0.0,51.9,21.04
DIST_009,2023-06-27,29.5,16.2,0.0,20.7,19.18
DIST_009,2023-06-28,26.9,12.0,0.0,33.8,15.69
DIST_009,2023-06-29,26.4,15.4,7.2,53.3,19.31
DIST_009,2023-06-30,26.0,10.7,20.8,67.9,15.81
DIST_009,2023-07-01,29.1,18.5,0.0,49.4,16.49
DIST_009,2023-07-02,27.7,18.3,0.0,39.0,29.29
DIST_009,2023-07-03,23.4,12.0,0.0,35.1,23.65
DIST_009,2023-07-04,30.1,14.1,0.0,30.5,17.76
DIST_009,2023-07-05,26.9,12.7,25.5,48.6,20.26
DIST_009,2023-07-06,28.4,20.1,11.6,50.0,16.51
DIST_009,2023-07-07,27.7,18.8,0.0,32.1,12.22
DIST_009,2023-07-08,30.0,18.5,0.0,21.5,21.15
DIST_009,2023-07-09,21.6,9.5,0.0,36.7,19.18
DIST_009,2023-07-10,26.2,12.9,0.0,40.4,19.25
DIST_009,2023-07-11,26.0,15.8,0.0,59.1,17.38
DIST_009,2023-07-12,24.4,9.6,6.3,70.6,16.71
DIST_009,2023-07-13,32.8,17.8,0.0,32.3,16.21
DIST_009,2023-07-14,24.7,14.6,0.0,15.0,18.99
DIST_009,2023-07-15,24.5,8.7,0.0,18.8,22.87
DIST_009,2023-07-16,25.7,15.3,0.0,43.4,20.03
DIST_009,2023-07-17,22.4,7.0,57.7,56.9,14.95
DIST_009,2023-07-18,28.7,17.4,10.3,59.3,6.0
DIST_009,2023-07-19,29.9,14.2,0.0,55.0,16.93
DIST_009,2023-07-20,21.8,10.0,5.7,66.8,14.46
DIST_009,2023-07-21,28.9,17.4,0.0,62.4,24.48
DIST_009,2023-07-22,27.5,19.3,0.0,27.1,23.15
DIST_009,2023-07-23,26.2,13.7,0.0,27.7,21.31
DIST_009,2023-07-24,21.2,9.0,0.0,36.2,18.62
DIST_009,2023-07-25,27.4,18.3,7.4,48.0,18.44
DIST_009,2023-07-26,23.3,8.6,20.1,67.4,25.44
DIST_009,2023-07-27,25.2,16.7,1.2,58.7,30.62
DIST_009,2023-07-28,25.7,10.5,0.0,41.5,14.7
DIST_009,2023-07-29,31.0,18.4,0.0,15.0,22.72
DIST_009,2023-07-30,23.1,13.9,8.8,57.9,14.33
DIST_009,2023-07-31,32.6,24.2,0.0,54.6,24.49
DIST_009,2023-08-01,21.8,11.4,0.0,36.4,22.47
DIST_009,2023-08-02,21.9,13.5,0.0,41.8,25.29
DIST_009,2023-08-03,22.8,12.0,0.0,56.5,22.5
DIST_009,2023-08-04,23.5,11.1,0.0,34.3,28.19
DIST_009,2023-08-05,23.5,15.1,0.0,15.0,27.07
DIST_009,2023-08-06,23.8,14.8,1.6,57.4,19.18
DIST_009,2023-08-07,21.3,10.8,0.0,15.0,22.24
DIST_009,2023-08-08,14.2,-0.3,24.3,62.1,17.27
DIST_009,2023-08-09,19.6,8.3,0.0,55.2,24.31
DIST_009,2023-08-10,17.4,8.9,0.0,15.0,20.72
DIST_009,2023-08-11,25.3,11.2,0.0,36.9,29.01
DIST_009,2023-08-12,19.9,4.1,0.0,34.1,19.38
DIST_009,2023-08-13,24.7,14.4,0.0,45.4,16.04
DIST_009,2023-08-14,18.8,7.6,14.4,76.2,9.27
DIST_009,2023-08-15,25.3,12.0,0.0,16.4,29.16
DIST_009,2023-08-16,24.3,11.7,12.1,60.4,6.95
DIST_009,2023-08-17,20.4,4.6,35.0,59.2,9.73
DIST_009,2023-08-18,25.6,15.9,0.0,26.5,25.15
DIST_009,2023-08-19,22.7,13.9,0.0,34.3,17.32
DIST_009,2023-08-20,20.5,9.2,0.0,46.6,21.0
DIST_009,2023-08-21,18.8,8.9,0.0,21.1,15.23
DIST_009,2023-08-22,15.9,3.5,0.0,25.1,22.26
DIST_009,2023-08-23,24.0,9.2,0.0,27.9,19.45
DIST_009,2023-08-24,15.9,0.9,14.3,56.0,22.07
DIST_009,2023-08-25,17.8,8.6,0.0,36.5,17.68
DIST_009,2023-08-26,22.7,8.3,2.6,52.7,21.21
DIST_009,2023-08-27,22.1,10.2,63.3,80.9,14.58
DIST_009,2023-08-28,13.9,2.9,18.7,36.3,20.99
DIST_009,2023-08-29,11.7,1.6,0.0,38.8,27.66
DIST_009,2023-08-30,19.7,9.8,4.3,86.5,23.49
DIST_009,2023-08-31,20.0,6.8,37.2,78.0,7.68
DIST_010,2023-03-01,23.9,15.7,15.4,51.7,13.23
DIST_010,2023-03-02,19.5,9.5,0.0,36.7,21.23
DIST_010,2023-03-03,20.4,5.5,3.7,91.8,20.71
DIST_010,2023-03-04,20.4,4.5,21.3,65.0,17.23
DIST_010,2023-03-05,22.0,9.0,0.0,15.0,25.72
DIST_010,2023-03-06,25.7,16.0,0.0,30.8,21.63
DIST_010,2023-03-07,20.5,11.7,10.3,43.0,15.0
DIST_010,2023-03-08,27.2,17.9,0.0,22.6,19.02
DIST_010,2023-03-09,24.9,14.4,1.0,69.1,20.31
DIST_010,2023-03-10,24.1,11.7,3.2,72.2,19.51
DIST_010,2023-03-11,24.9,14.1,7.4,52.3,7.81
DIST_010,2023-03-12,26.0,11.9,0.0,42.3,28.14
DIST_010,2023-03-13,25.3,15.8,0.0,51.2,22.75
DIST_010,2023-03-14,22.6,10.6,0.0,35.4,23.56
DIST_010,2023-03-15,22.0,11.6,0.0,54.8,21.33
DIST_010,2023-03-16,21.6,9.9,0.0,15.0,22.8
DIST_010,2023-03-17,27.2,18.5,0.0,28.7,16.58
DIST_010,2023-03-18,25.4,14.6,2.2,74.7,14.18
DIST_010,2023-03-19,27.1,12.3,0.0,22.9,19.25
DIST_010,2023-03-20,25.0,16.8,0.0,28.7,31.11
DIST_010,2023-03-21,25.9,11.3,0.0,32.4,19.45
DIST_010,2023-03-22,28.8,18.9,51.9,83.7,10.01
DIST_010,2023-03-23,23.1,13.7,0.0,40.2,19.92
DIST_010,2023-03-24,24.3,11.6,0.0,30.5,18.47
DIST_010,2023-03-25,33.0,23.2,0.0,48.3,26.77
DIST_010,2023-03-26,29.5,19.4,0.0,34.7,28.92
DIST_010,2023-03-27,27.9,18.1,7.8,59.4,14.8
DIST_010,2023-03-28,25.4,12.3,40.1,53.7,19.1
DIST_010,2023-03-29,29.8,20.6,0.0,44.5,20.38
DIST_010,2023-03-30,30.2,21.5,1.4,55.3,20.67
DIST_010,2023-03-31,27.0,12.9,0.0,41.2,19.24
DIST_010,2023-04-01,30.8,22.2,0.0,40.8,21.52
DIST_010,2023-04-02,26.7,17.8,13.4,86.2,12.05
DIST_010,2023-04-03,29.8,17.4,0.0,50.7,15.85
DIST_010,2023-04-04,22.1,8.6,12.4,65.4,20.13
DIST_010,2023-04-05,27.0,12.6,0.0,26.6,28.99
DIST_010,2023-04-06,27.0,11.5,0.0,48.3,17.97
DIST_010,2023-04-07,23.3,12.6,0.9,58.2,14.19
DIST_010,2023-04-08,25.7,16.0,8.8,68.7,13.02
DIST_010,2023-04-09,27.9,16.3,7.1,78.5,12.43
DIST_010,2023-04-10,36.8,21.2,0.0,49.5,13.64
DIST_010,2023-04-11,32.3,19.9,18.4,55.6,16.92
DIST_010,2023-04-12,31.4,23.0,0.0,20.5,25.39
DIST_010,2023-04-13,29.4,15.6,5.3,67.3,15.16
DIST_010,2023-04-14,33.7,22.5,0.0,66.2,20.16
DIST_010,2023-04-15,30.9,15.1,7.1,65.6,12.39
DIST_010,2023-04-16,25.8,10.0,0.0,25.1,17.9
DIST_010,2023-04-17,23.0,14.1,0.0,28.5,13.81
DIST_010,2023-04-18,29.3,16.4,4.6,70.6,18.82
DIST_010,2023-04-19,30.2,17.9,0.0,29.0,20.97
DIST_010,2023-04-20,33.0,23.8,0.0,41.5,27.31
DIST_010,2023-04-21,26.6,17.1,0.0,44.4,15.61
DIST_010,2023-04-22,33.5,25.3,0.0,50.2,14.35
DIST_010,2023-04-23,32.2,17.1,0.0,40.5,18.15
DIST_010,2023-04-24,30.3,17.5,4.6,90.0,18.45
DIST_010,2023-04-25,35.2,24.4,10.8,63.0,19.49
DIST_010,2023-04-26,31.0,20.9,0.0,23.3,23.81
DIST_010,2023-04-27,36.1,22.7,0.0,41.8,18.93
DIST_010,2023-04-28,38.2,29.8,10.7,63.1,7.9
DIST_010,2023-04-29,30.7,20.8,0.0,33.5,19.32
DIST_010,2023-04-30,25.7,11.1,24.1,68.5,12.35
DIST_010,2023-05-01,36.7,21.3,0.0,34.3,25.05
DIST_010,2023-05-02,36.5,28.0,0.0,15.0,26.34
DIST_010,2023-05-03,36.4,21.0,0.0,42.5,19.29
DIST_010,2023-05-04,28.3,12.5,0.0,70.4,18.38
DIST_010,2023-05-05,36.4,23.1,0.0,30.2,15.57
DIST_010,2023-05-06,32.0,18.2,17.4,42.7,14.06
DIST_010,2023-05-07,30.8,18.2,0.0,28.0,27.92
DIST_010,2023-05-08,32.6,20.6,0.0,28.8,20.19
DIST_010,2023-05-09,31.2,20.8,0.0,73.5,19.22
DIST_010,2023-05-10,34.2,22.3,0.0,31.7,22.48
DIST_010,2023-05-11,30.6,17.8,0.0,39.3,23.69
DIST_010,2023-05-12,28.9,15.6,0.0,17.7,19.81
DIST_010,2023-05-13,36.3,26.6,0.0,27.5,19.9
DIST_010,2023-05-14,30.3,22.1,0.0,58.4,22.1
DIST_010,2023-05-15,35.2,19.3,0.0,50.3,17.72
DIST_010,2023-05-16,30.0,19.1,4.5,66.6,19.33
DIST_010,2023-05-17,28.2,13.5,4.4,51.7,17.85
DIST_010,2023-05-18,28.7,13.2,0.0,24.4,21.66
DIST_010,2023-05-19,29.6,20.1,4.0,70.7,19.44
DIST_010,2023-05-20,31.3,17.7,0.0,54.5,20.61
DIST_010,2023-05-21,29.3,16.8,12.8,74.4,15.68
DIST_010,2023-05-22,34.6,22.4,0.0,42.4,25.3
DIST_010,2023-05-23,31.3,16.7,0.0,52.8,18.6
DIST_010,2023-05-24,26.8,13.4,0.0,15.0,22.07
DIST_010,2023-05-25,33.8,21.3,0.0,45.2,21.91
DIST_010,2023-05-26,31.5,16.1,16.6,60.8,21.74
DIST_010,2023-05-27,30.2,15.8,29.5,71.9,12.61
DIST_010,2023-05-28,41.1,30.1,5.1,95.0,10.98
DIST_010,2023-05-29,24.9,11.0,0.0,47.5,21.23
DIST_010,2023-05-30,28.6,15.3,0.0,47.3,18.13
DIST_010,2023-05-31,30.2,19.0,0.0,42.2,14.89
DIST_010,2023-06-01,31.9,16.2,0.0,43.8,17.1
DIST_010,2023-06-02,30.3,15.6,0.0,38.3,25.79
DIST_010,2023-06-03,27.8,15.2,0.0,28.0,24.53
DIST_010,2023-06-04,32.3,19.2,0.0,15.0,25.98
DIST_010,2023-06-05,30.2,17.4,0.0,46.4,20.9
DIST_010,2023-06-06,29.4,18.9,20.8,32.4,13.92
DIST_010,2023-06-07,37.6,29.5,0.0,35.5,25.91
DIST_010,2023-06-08,32.5,20.1,5.9,57.8,14.51
DIST_010,2023-06-09,31.3,22.5,0.0,63.8,19.53
DIST_010,2023-06-10,29.5,20.0,0.0,47.1,25.73
DIST_010,2023-06-11,32.7,20.1,0.0,26.0,25.47
DIST_010,2023-06-12,31.2,23.1,0.0,59.4,17.85
DIST_010,2023-06-13,30.7,18.0,0.0,24.2,22.8
DIST_010,2023-06-14,29.8,18.5,0.0,52.8,32.0
DIST_010,2023-06-15,29.8,16.4,0.0,40.1,20.88
DIST_010,2023-06-16,33.1,22.7,0.0,46.3,22.37
DIST_010,2023-06-17,33.8,23.2,19.4,68.2,15.9
DIST_010,2023-06-18,35.9,23.3,0.0,41.2,17.39
DIST_010,2023-06-19,36.0,22.2,0.0,31.3,21.5
DIST_010,2023-06-20,30.7,21.4,3.7,57.9,15.97
DIST_010,2023-06-21,32.0,16.6,0.0,17.8,23.57
DIST_010,2023-06-22,33.3,22.2,0.0,23.6,24.62
DIST_010,2023-06-23,31.6,23.4,0.0,51.9,24.25
DIST_010,2023-06-24,37.6,27.9,0.0,40.1,21.71
DIST_010,2023-06-25,33.4,24.0,0.0,44.9,21.42
DIST_010,2023-06-26,24.6,16.3,0.0,47.9,14.06
DIST_010,2023-06-27,31.7,17.4,0.0,58.6,23.36
DIST_010,2023-06-28,26.6,11.1,0.0,18.8,21.49
DIST_010,2023-06-29,22.8,8.5,0.0,30.0,19.59
DIST_010,2023-06-30,30.6,22.2,0.0,45.8,14.03
DIST_010,2023-07-01,34.7,23.1,0.0,34.8,12.26
DIST_010,2023-07-02,30.3,21.4,2.4,54.9,25.5
DIST_010,2023-07-03,34.5,26.2,0.0,49.3,21.26
DIST_010,2023-07-04,30.8,18.2,7.8,53.2,16.06
DIST_010,2023-07-05,29.5,15.2,0.0,23.9,21.14
DIST_010,2023-07-06,30.4,15.6,0.0,38.0,17.23
DIST_010,2023-07-07,30.0,16.8,20.3,58.9,15.54
DIST_010,2023-07-08,35.3,26.4,0.0,15.0,19.52
DIST_010,2023-07-09,23.6,14.8,0.0,16.5,20.1
DIST_010,2023-07-10,32.9,18.9,0.0,43.4,16.64
DIST_010,2023-07-11,32.7,23.4,0.0,24.8,21.28
DIST_010,2023-07-12,29.9,20.9,0.0,44.9,16.75
DIST_010,2023-07-13,35.1,23.2,0.0,23.7,20.35
DIST_010,2023-07-14,27.1,14.1,0.0,41.9,18.18
DIST_010,2023-07-15,28.2,15.9,0.0,25.8,23.38
DIST_010,2023-07-16,30.0,20.8,0.0,21.6,20.73
DIST_010,2023-07-17,33.7,20.3,0.0,52.4,24.04
DIST_010,2023-07-18,31.3,22.4,0.0,57.2,24.78
DIST_010,2023-07-19,34.2,22.7,1.4,65.4,15.77
DIST_010,2023-07-20,31.3,22.2,0.0,40.9,28.24
DIST_010,2023-07-21,30.0,18.2,6.7,61.1,12.05
DIST_010,2023-07-22,25.2,13.3,0.0,42.8,22.75
DIST_010,2023-07-23,24.8,10.9,0.0,15.0,27.18
DIST_010,2023-07-24,27.7,12.5,0.0,32.8,16.62
DIST_010,2023-07-25,20.0,9.9,0.0,37.7,16.29
DIST_010,2023-07-26,27.5,12.2,0.0,26.8,27.73
DIST_010,2023-07-27,32.4,19.5,0.0,22.3,23.17
DIST_010,2023-07-28,25.2,10.0,5.0,94.8,22.38
DIST_010,2023-07-29,29.0,13.1,9.0,69.9,19.63
DIST_010,2023-07-30,32.0,22.4,0.0,45.7,20.93
DIST_010,2023-07-31,25.0,16.1,0.0,47.7,26.23
DIST_010,2023-08-01,26.0,12.1,0.2,70.8,15.94
DIST_010,2023-08-02,27.9,14.5,10.9,55.9,12.01
DIST_010,2023-08-03,34.3,18.7,6.3,61.0,17.63
DIST_010,2023-08-04,32.4,19.0,7.3,52.8,18.54
DIST_010,2023-08-05,22.3,9.8,0.0,16.2,25.14
DIST_010,2023-08-06,24.5,14.6,0.0,15.0,16.65
DIST_010,2023-08-07,27.9,12.8,0.0,30.5,20.44
DIST_010,2023-08-08,20.1,5.3,0.0,42.5,25.04
DIST_010,2023-08-09,27.1,16.7,7.3,66.7,15.54
DIST_010,2023-08-10,30.0,21.7,0.0,52.3,21.09
DIST_010,2023-08-11,24.2,9.6,0.0,53.6,20.35
DIST_010,2023-08-12,24.0,12.6,0.0,28.7,21.86
DIST_010,2023-08-13,26.5,11.7,0.0,42.4,18.88
DIST_010,2023-08-14,23.8,8.8,0.0,31.0,16.77
DIST_010,2023-08-15,21.6,12.0,0.0,15.0,16.03
DIST_010,2023-08-16,24.2,15.9,15.3,74.5,16.24
DIST_010,2023-08-17,25.1,11.5,1.5,95.0,23.05
DIST_010,2023-08-18,25.6,10.7,0.0,17.8,26.44
DIST_010,2023-08-19,26.3,17.4,0.5,75.0,17.41
DIST_010,2023-08-20,27.3,14.9,0.0,55.5,25.18
DIST_010,2023-08-21,23.6,15.5,8.1,51.1,7.13
DIST_010,2023-08-22,22.9,13.0,0.0,48.4,22.88
DIST_010,2023-08-23,27.8,12.6,0.0,15.0,21.36
DIST_010,2023-08-24,24.4,14.0,0.0,35.2,17.98
DIST_010,2023-08-25,25.4,12.7,0.0,41.7,24.97
DIST_010,2023-08-26,21.8,13.5,0.0,42.6,17.31
DIST_010,2023-08-27,21.7,13.0,0.0,38.3,17.42
DIST_010,2023-08-28,23.6,8.4,8.2,91.1,13.38
DIST_010,2023-08-29,24.7,14.2,23.6,76.1,15.42
DIST_010,2023-08-30,22.3,8.9,0.0,19.6,15.89
DIST_010,2023-08-31,19.4,4.1,7.8,47.7,13.46
