total_gdd,heat_shock_days,total_edd,mean_vpd,precip_sum_mm,dry_day_ratio,district_id
1856.8,14,74.0,1.943,646.8,0.668,DIST_001
1796.85,17,70.9,1.889,420.4,0.745,DIST_002
2396.4,48,248.8,2.357,710.2,0.712,DIST_003
1679.5,7,33.7,1.926,673.6,0.739,DIST_004
1816.65,13,68.8,1.914,551.4,0.745,DIST_005
1913.95,15,84.8,1.985,574.5,0.707,DIST_006
1796.65,11,51.1,1.98,526.5,0.766,DIST_007
1771.75,22,85.9,1.941,645.2,0.739,DIST_008
1708.1,10,49.4,1.845,706.4,0.717,DIST_009
2352.15,46,231.4,2.214,587.6,0.696,DIST_010
