district_id,date,ndvi,scl
DIST_001,2023-01-01,0.2108,5
DIST_001,2023-01-17,0.0751,9
DIST_001,2023-02-02,0.2005,4
DIST_001,2023-02-18,0.2182,4
DIST_001,2023-03-06,0.2015,5
DIST_001,2023-03-22,0.2769,5
DIST_001,2023-04-07,0.3339,4
DIST_001,2023-04-23,0.4881,4
DIST_001,2023-05-09,0.6126,4
DIST_001,2023-05-25,0.3265,8
DIST_001,2023-06-10,0.8106,5
DIST_001,2023-06-26,0.3775,9
DIST_001,2023-07-12,0.7306,4
DIST_001,2023-07-28,0.2601,9
DIST_001,2023-08-13,0.4301,5
DIST_001,2023-08-29,0.1433,9
DIST_001,2023-09-14,0.1149,3
DIST_001,2023-09-30,0.2443,5
DIST_001,2023-10-16,0.1682,5
DIST_002,2023-01-01,0.1883,5
DIST_002,2023-01-17,0.0656,9
DIST_002,2023-02-02,0.1944,5
DIST_002,2023-02-18,0.1479,4
DIST_002,2023-03-06,0.1964,4
DIST_002,2023-03-22,0.2506,4
DIST_002,2023-04-07,0.3482,4
DIST_002,2023-04-23,0.4952,5
DIST_002,2023-05-09,0.2715,10
DIST_002,2023-05-25,0.737,5
DIST_002,2023-06-10,0.8169,5
DIST_002,2023-06-26,0.8148,4
DIST_002,2023-07-12,0.7086,5
DIST_002,2023-07-28,0.5594,4
DIST_002,2023-08-13,0.4327,4
DIST_002,2023-08-29,0.3503,4
DIST_002,2023-09-14,0.2695,5
DIST_002,2023-09-30,0.2174,5
DIST_002,2023-10-16,0.1861,4
DIST_003,2023-01-01,0.0805,9
DIST_003,2023-01-17,0.1574,5
DIST_003,2023-02-02,0.191,4
DIST_003,2023-02-18,0.1921,4
DIST_003,2023-03-06,0.1882,4
DIST_003,2023-03-22,0.2701,4
DIST_003,2023-04-07,0.3268,5
DIST_003,2023-04-23,0.453,4
DIST_003,2023-05-09,0.5822,5
DIST_003,2023-05-25,0.7268,5
DIST_003,2023-06-10,0.8076,4
DIST_003,2023-06-26,0.828,5
DIST_003,2023-07-12,0.7255,5
DIST_003,2023-07-28,0.6028,5
DIST_003,2023-08-13,0.2249,10
DIST_003,2023-08-29,0.3376,4
DIST_003,2023-09-14,0.2688,5
DIST_003,2023-09-30,0.1992,5
DIST_003,2023-10-16,0.2038,5
DIST_004,2023-01-01,0.1616,5
DIST_004,2023-01-17,0.18,5
DIST_004,2023-02-02,0.2015,4
DIST_004,2023-02-18,0.1764,5
DIST_004,2023-03-06,0.251,4
DIST_004,2023-03-22,0.2657,5
DIST_004,2023-04-07,0.3457,5
DIST_004,2023-04-23,0.2159,8
DIST_004,2023-05-09,0.5975,4
DIST_004,2023-05-25,0.741,4
DIST_004,2023-06-10,0.3548,8
DIST_004,2023-06-26,0.8268,4
DIST_004,2023-07-12,0.7263,5
DIST_004,2023-07-28,0.6123,5
DIST_004,2023-08-13,0.4497,4
DIST_004,2023-08-29,0.3616,4
DIST_004,2023-09-14,0.2693,4
DIST_004,2023-09-30,0.2322,4
DIST_004,2023-10-16,0.1921,5
DIST_005,2023-01-01,0.1461,5
DIST_005,2023-01-17,0.1809,4
DIST_005,2023-02-02,0.1516,5
DIST_005,2023-02-18,0.0759,9
DIST_005,2023-03-06,0.2373,4
DIST_005,2023-03-22,0.2424,4
DIST_005,2023-04-07,0.3544,4
DIST_005,2023-04-23,0.4471,5
DIST_005,2023-05-09,0.6117,4
DIST_005,2023-05-25,0.3331,8
DIST_005,2023-06-10,0.806,4
DIST_005,2023-06-26,0.8189,4
DIST_005,2023-07-12,0.7196,5
DIST_005,2023-07-28,0.6354,5
DIST_005,2023-08-13,0.414,5
DIST_005,2023-08-29,0.3483,5
DIST_005,2023-09-14,0.2969,4
DIST_005,2023-09-30,0.2263,4
DIST_005,2023-10-16,0.2221,4
DIST_006,2023-01-01,0.1578,5
DIST_006,2023-01-17,0.1949,4
DIST_006,2023-02-02,0.1748,5
DIST_006,2023-02-18,0.1831,4
DIST_006,2023-03-06,0.2066,5
DIST_006,2023-03-22,0.2755,5
DIST_006,2023-04-07,0.3076,4
DIST_006,2023-04-23,0.4539,5
DIST_006,2023-05-09,0.6065,5
DIST_006,2023-05-25,0.7477,5
DIST_006,2023-06-10,0.8649,4
DIST_006,2023-06-26,0.8309,5
DIST_006,2023-07-12,0.7082,4
DIST_006,2023-07-28,0.5878,4
DIST_006,2023-08-13,0.4579,5
DIST_006,2023-08-29,0.3129,4
DIST_006,2023-09-14,0.2298,5
DIST_006,2023-09-30,0.2044,4
DIST_006,2023-10-16,0.2122,5
DIST_007,2023-01-01,0.1883,4
DIST_007,2023-01-17,0.1613,5
DIST_007,2023-02-02,0.1812,5
DIST_007,2023-02-18,0.1842,5
DIST_007,2023-03-06,0.2254,4
DIST_007,2023-03-22,0.1142,8
DIST_007,2023-04-07,0.346,4
DIST_007,2023-04-23,0.4338,5
DIST_007,2023-05-09,0.2738,3
DIST_007,2023-05-25,0.3251,8
DIST_007,2023-06-10,0.8341,4
DIST_007,2023-06-26,0.8412,4
DIST_007,2023-07-12,0.7454,4
DIST_007,2023-07-28,0.5657,4
DIST_007,2023-08-13,0.4521,4
DIST_007,2023-08-29,0.3499,4
DIST_007,2023-09-14,0.1135,9
DIST_007,2023-09-30,0.0829,9
DIST_007,2023-10-16,0.1763,4
DIST_008,2023-01-01,0.1723,5
DIST_008,2023-01-17,0.0789,10
DIST_008,2023-02-02,0.2075,5
DIST_008,2023-02-18,0.0783,9
DIST_008,2023-03-06,0.193,5
DIST_008,2023-03-22,0.2787,4
DIST_008,2023-04-07,0.3443,5
DIST_008,2023-04-23,0.4703,4
DIST_008,2023-05-09,0.6378,4
DIST_008,2023-05-25,0.7491,5
DIST_008,2023-06-10,0.8259,5
DIST_008,2023-06-26,0.8128,4
DIST_008,2023-07-12,0.7258,5
DIST_008,2023-07-28,0.2686,10
DIST_008,2023-08-13,0.4519,4
DIST_008,2023-08-29,0.1412,10
DIST_008,2023-09-14,0.2544,4
DIST_008,2023-09-30,0.0854,8
DIST_008,2023-10-16,0.1914,4
DIST_009,2023-01-01,0.1812,4
DIST_009,2023-01-17,0.1837,4
DIST_009,2023-02-02,0.1661,4
DIST_009,2023-02-18,0.1848,4
DIST_009,2023-03-06,0.207,5
DIST_009,2023-03-22,0.2622,4
DIST_009,2023-04-07,0.3085,5
DIST_009,2023-04-23,0.4524,4
DIST_009,2023-05-09,0.6085,4
DIST_009,2023-05-25,0.732,4
DIST_009,2023-06-10,0.833,5
DIST_009,2023-06-26,0.8036,4
DIST_009,2023-07-12,0.7421,4
DIST_009,2023-07-28,0.5751,5
DIST_009,2023-08-13,0.418,4
DIST_009,2023-08-29,0.3007,4
DIST_009,2023-09-14,0.273,4
DIST_009,2023-09-30,0.2426,4
DIST_009,2023-10-16,0.1827,5
DIST_010,2023-01-01,0.1701,4
DIST_010,2023-01-17,0.1999,5
DIST_010,2023-02-02,0.1784,4
DIST_010,2023-02-18,0.2053,5
DIST_010,2023-03-06,0.2083,5
DIST_010,2023-03-22,0.2667,5
DIST_010,2023-04-07,0.3533,4
DIST_010,2023-04-23,0.4635,5
DIST_010,2023-05-09,0.5498,4
DIST_010,2023-05-25,0.7329,5
DIST_010,2023-06-10,0.8276,5
DIST_010,2023-06-26,0.8307,5
DIST_010,2023-07-12,0.717,4
DIST_010,2023-07-28,0.6106,4
DIST_010,2023-08-13,0.4353,5
DIST_010,2023-08-29,0.3457,4
DIST_010,2023-09-14,0.2653,4
DIST_010,2023-09-30,0.2323,4
DIST_010,2023-10-16,0.2593,5
DIST_011,2023-01-01,0.1972,4
DIST_011,2023-01-17,0.1554,4
DIST_011,2023-02-02,0.1862,4
DIST_011,2023-02-18,0.2053,5
DIST_011,2023-03-06,0.2003,5
DIST_011,2023-03-22,0.2734,5
DIST_011,2023-04-07,0.3253,4
DIST_011,2023-04-23,0.4962,4
DIST_011,2023-05-09,0.6074,4
DIST_011,2023-05-25,0.7213,5
DIST_011,2023-06-10,0.8296,4
DIST_011,2023-06-26,0.7984,4
DIST_011,2023-07-12,0.7197,5
DIST_011,2023-07-28,0.5889,4
DIST_011,2023-08-13,0.2055,10
DIST_011,2023-08-29,0.3416,4
DIST_011,2023-09-14,0.1382,9
DIST_011,2023-09-30,0.1921,5
DIST_011,2023-10-16,0.1961,5
DIST_012,2023-01-01,0.1548,5
DIST_012,2023-01-17,0.1836,4
DIST_012,2023-02-02,0.192,5
DIST_012,2023-02-18,0.1953,4
DIST_012,2023-03-06,0.2316,5
DIST_012,2023-03-22,0.2658,4
DIST_012,2023-04-07,0.3761,5
DIST_012,2023-04-23,0.4814,5
DIST_012,2023-05-09,0.5969,5
DIST_012,2023-05-25,0.3315,3
DIST_012,2023-06-10,0.8405,5
DIST_012,2023-06-26,0.8143,4
DIST_012,2023-07-12,0.749,5
DIST_012,2023-07-28,0.597,4
DIST_012,2023-08-13,0.4107,5
DIST_012,2023-08-29,0.3624,4
DIST_012,2023-09-14,0.2317,4
DIST_012,2023-09-30,0.0865,10
DIST_012,2023-10-16,0.1895,5
DIST_013,2023-01-01,0.1897,4
DIST_013,2023-01-17,0.1929,5
DIST_013,2023-02-02,0.07,10
DIST_013,2023-02-18,0.2212,4
DIST_013,2023-03-06,0.1912,4
DIST_013,2023-03-22,0.2698,4
DIST_013,2023-04-07,0.355,5
DIST_013,2023-04-23,0.2021,9
DIST_013,2023-05-09,0.6021,4
DIST_013,2023-05-25,0.7252,5
DIST_013,2023-06-10,0.8503,4
DIST_013,2023-06-26,0.8558,5
DIST_013,2023-07-12,0.6997,4
DIST_013,2023-07-28,0.6063,4
DIST_013,2023-08-13,0.4678,5
DIST_013,2023-08-29,0.3282,5
DIST_013,2023-09-14,0.1196,8
DIST_013,2023-09-30,0.1856,5
DIST_013,2023-10-16,0.1747,5
DIST_014,2023-01-01,0.1012,8
DIST_014,2023-01-17,0.2072,5
DIST_014,2023-02-02,0.211,4
DIST_014,2023-02-18,0.1697,5
DIST_014,2023-03-06,0.2123,4
DIST_014,2023-03-22,0.2466,5
DIST_014,2023-04-07,0.3366,5
DIST_014,2023-04-23,0.4342,4
DIST_014,2023-05-09,0.2779,10
DIST_014,2023-05-25,0.7587,5
DIST_014,2023-06-10,0.7991,4
DIST_014,2023-06-26,0.3745,8
DIST_014,2023-07-12,0.3308,10
DIST_014,2023-07-28,0.5759,4
DIST_014,2023-08-13,0.4368,5
DIST_014,2023-08-29,0.3317,5
DIST_014,2023-09-14,0.275,5
DIST_014,2023-09-30,0.1933,5
DIST_014,2023-10-16,0.1739,4
DIST_015,2023-01-01,0.0731,3
DIST_015,2023-01-17,0.1906,4
DIST_015,2023-02-02,0.1677,4
DIST_015,2023-02-18,0.1755,4
DIST_015,2023-03-06,0.0853,10
DIST_015,2023-03-22,0.2747,5
DIST_015,2023-04-07,0.3283,5
DIST_015,2023-04-23,0.4743,5
DIST_015,2023-05-09,0.6294,4
DIST_015,2023-05-25,0.7379,5
DIST_015,2023-06-10,0.7952,5
DIST_015,2023-06-26,0.3775,8
DIST_015,2023-07-12,0.752,4
DIST_015,2023-07-28,0.5765,4
DIST_015,2023-08-13,0.4649,4
DIST_015,2023-08-29,0.3394,4
DIST_015,2023-09-14,0.2911,4
DIST_015,2023-09-30,0.2613,5
DIST_015,2023-10-16,0.1735,5
