district_id,date,ndvi,scl,ndvi_smoothed
DIST_001,2023-01-01,0.2108,5,0.20715238095238095
DIST_001,2023-01-17,0.20565,9,0.2080833333333333
DIST_001,2023-02-02,0.2005,4,0.20038571428571428
DIST_001,2023-02-18,0.2182,4,0.20465
DIST_001,2023-03-06,0.2015,5,0.2188952380952381
DIST_001,2023-03-22,0.2769,5,0.2687333333333333
DIST_001,2023-04-07,0.3339,4,0.3576190476190476
DIST_001,2023-04-23,0.4881,4,0.47795238095238096
DIST_001,2023-05-09,0.6126,4,0.6107095238095237
DIST_001,2023-05-25,0.7116,8,0.7222619047619045
DIST_001,2023-06-10,0.8106,5,0.7838142857142858
DIST_001,2023-06-26,0.7706,9,0.7824690476190475
DIST_001,2023-07-12,0.7306,4,0.7039269841269842
DIST_001,2023-07-28,0.58035,9,0.5813944444444444
DIST_001,2023-08-13,0.4301,5,0.4658333333333333
DIST_001,2023-08-29,0.36816666666666664,9,0.36531031746031745
DIST_001,2023-09-14,0.3062333333333333,3,0.29124920634920637
DIST_001,2023-09-30,0.2443,5,0.23662857142857138
DIST_001,2023-10-16,0.1682,5,0.19061746031746027
DIST_002,2023-01-01,0.1883,5,0.19389047619047617
DIST_002,2023-01-17,0.19135,9,0.18451666666666666
DIST_002,2023-02-02,0.1944,5,0.17488571428571428
DIST_002,2023-02-18,0.1479,4,0.17299761904761904
DIST_002,2023-03-06,0.1964,4,0.19145238095238093
DIST_002,2023-03-22,0.2506,4,0.2538142857142857
DIST_002,2023-04-07,0.3482,4,0.360947619047619
DIST_002,2023-04-23,0.4952,5,0.4851619047619048
DIST_002,2023-05-09,0.6161,10,0.6224
DIST_002,2023-05-25,0.737,5,0.7415904761904761
DIST_002,2023-06-10,0.8169,5,0.8044761904761905
DIST_002,2023-06-26,0.8148,4,0.7927714285714286
DIST_002,2023-07-12,0.7086,5,0.7037904761904761
DIST_002,2023-07-28,0.5594,4,0.5755285714285715
DIST_002,2023-08-13,0.4327,4,0.44557142857142856
DIST_002,2023-08-29,0.3503,4,0.3431571428571428
DIST_002,2023-09-14,0.2695,5,0.2694333333333333
DIST_002,2023-09-30,0.2174,5,0.22033333333333333
DIST_002,2023-10-16,0.1861,4,0.1913190476190476
DIST_003,2023-01-01,0.1574,9,0.1588952380952381
DIST_003,2023-01-17,0.1574,5,0.16902380952380952
DIST_003,2023-02-02,0.191,4,0.17218095238095238
DIST_003,2023-02-18,0.1921,4,0.18733333333333332
DIST_003,2023-03-06,0.1882,4,0.2106285714285714
DIST_003,2023-03-22,0.2701,4,0.2556952380952381
DIST_003,2023-04-07,0.3268,5,0.3380761904761904
DIST_003,2023-04-23,0.453,4,0.45829047619047614
DIST_003,2023-05-09,0.5822,5,0.5886285714285714
DIST_003,2023-05-25,0.7268,5,0.7221333333333333
DIST_003,2023-06-10,0.8076,4,0.7996904761904762
DIST_003,2023-06-26,0.828,5,0.8037428571428571
DIST_003,2023-07-12,0.7255,5,0.7318047619047618
DIST_003,2023-07-28,0.6028,5,0.6065619047619047
DIST_003,2023-08-13,0.4702,10,0.46963333333333335
DIST_003,2023-08-29,0.3376,4,0.3497428571428571
DIST_003,2023-09-14,0.2688,5,0.2624380952380952
DIST_003,2023-09-30,0.1992,5,0.21458095238095234
DIST_003,2023-10-16,0.2038,5,0.19902857142857142
DIST_004,2023-01-01,0.1616,5,0.171147619047619
DIST_004,2023-01-17,0.18,5,0.17273333333333332
DIST_004,2023-02-02,0.2015,4,0.18724285714285713
DIST_004,2023-02-18,0.1764,5,0.20344285714285715
DIST_004,2023-03-06,0.251,4,0.2260952380952381
DIST_004,2023-03-22,0.2657,5,0.2755285714285714
DIST_004,2023-04-07,0.3457,5,0.35973333333333335
DIST_004,2023-04-23,0.4716,8,0.47193809523809527
DIST_004,2023-05-09,0.5975,4,0.6029476190476191
DIST_004,2023-05-25,0.741,4,0.7250761904761905
DIST_004,2023-06-10,0.7839,8,0.7951285714285714
DIST_004,2023-06-26,0.8268,4,0.8006809523809522
DIST_004,2023-07-12,0.7263,5,0.724490476190476
DIST_004,2023-07-28,0.6123,5,0.6095666666666666
DIST_004,2023-08-13,0.4497,4,0.46952857142857135
DIST_004,2023-08-29,0.3616,4,0.35913809523809526
DIST_004,2023-09-14,0.2693,4,0.2745
DIST_004,2023-09-30,0.2322,4,0.22720476190476188
DIST_004,2023-10-16,0.1921,5,0.19844285714285714
DIST_005,2023-01-01,0.1461,5,0.1522238095238095
DIST_005,2023-01-17,0.1809,4,0.15749285714285713
DIST_005,2023-02-02,0.1516,5,0.17554761904761904
DIST_005,2023-02-18,0.19445,9,0.18873571428571428
DIST_005,2023-03-06,0.2373,4,0.2163904761904762
DIST_005,2023-03-22,0.2424,4,0.2688119047619048
DIST_005,2023-04-07,0.3544,4,0.35039047619047614
DIST_005,2023-04-23,0.4471,5,0.4615928571428572
DIST_005,2023-05-09,0.6117,4,0.5988666666666667
DIST_005,2023-05-25,0.70885,8,0.7199119047619047
DIST_005,2023-06-10,0.806,4,0.7922571428571428
DIST_005,2023-06-26,0.8189,4,0.803202380952381
DIST_005,2023-07-12,0.7196,5,0.7289857142857143
DIST_005,2023-07-28,0.6354,5,0.5973904761904761
DIST_005,2023-08-13,0.414,5,0.46472857142857144
DIST_005,2023-08-29,0.3483,5,0.3526285714285714
DIST_005,2023-09-14,0.2969,4,0.2723428571428571
DIST_005,2023-09-30,0.2263,4,0.2446238095238095
DIST_005,2023-10-16,0.2221,4,0.22196666666666662
DIST_006,2023-01-01,0.1578,5,0.16841904761904758
DIST_006,2023-01-17,0.1949,4,0.17399047619047617
DIST_006,2023-02-02,0.1748,5,0.17705714285714286
DIST_006,2023-02-18,0.1831,4,0.1928809523809524
DIST_006,2023-03-06,0.2066,5,0.20701904761904763
DIST_006,2023-03-22,0.2755,5,0.25533809523809525
DIST_006,2023-04-07,0.3076,4,0.33844285714285716
DIST_006,2023-04-23,0.4539,5,0.45659523809523817
DIST_006,2023-05-09,0.6065,5,0.6076095238095238
DIST_006,2023-05-25,0.7477,5,0.7564333333333333
DIST_006,2023-06-10,0.8649,4,0.8279333333333333
DIST_006,2023-06-26,0.8309,5,0.8158380952380953
DIST_006,2023-07-12,0.7082,4,0.7293714285714286
DIST_006,2023-07-28,0.5878,4,0.588247619047619
DIST_006,2023-08-13,0.4579,5,0.4453761904761905
DIST_006,2023-08-29,0.3129,4,0.32630000000000003
DIST_006,2023-09-14,0.2298,5,0.24393809523809526
DIST_006,2023-09-30,0.2044,4,0.2056142857142857
DIST_006,2023-10-16,0.2122,5,0.20289523809523807
DIST_007,2023-01-01,0.1883,4,0.17996190476190477
DIST_007,2023-01-17,0.1613,5,0.17315238095238095
DIST_007,2023-02-02,0.1812,5,0.1730714285714286
DIST_007,2023-02-18,0.1842,5,0.19054285714285712
DIST_007,2023-03-06,0.2254,4,0.22802857142857139
DIST_007,2023-03-22,0.28569999999999995,8,0.2754968253968254
DIST_007,2023-04-07,0.346,4,0.3498650793650794
DIST_007,2023-04-23,0.4338,5,0.4455285714285715
DIST_007,2023-05-09,0.5672333333333334,3,0.5744730158730159
DIST_007,2023-05-25,0.7006666666666667,8,0.712136507936508
DIST_007,2023-06-10,0.8341,4,0.8108952380952379
DIST_007,2023-06-26,0.8412,4,0.8155158730158729
DIST_007,2023-07-12,0.7454,4,0.7341269841269841
DIST_007,2023-07-28,0.5657,4,0.593615873015873
DIST_007,2023-08-13,0.4521,4,0.4580888888888888
DIST_007,2023-08-29,0.3499,4,0.3557285714285714
DIST_007,2023-09-14,0.2920333333333333,9,0.2833253968253968
DIST_007,2023-09-30,0.2341666666666667,9,0.22718888888888886
DIST_007,2023-10-16,0.1763,4,0.19283333333333333
DIST_008,2023-01-01,0.1723,5,0.1796952380952381
DIST_008,2023-01-17,0.1899,10,0.19024523809523808
DIST_008,2023-02-02,0.2075,5,0.18987142857142858
DIST_008,2023-02-18,0.20024999999999998,9,0.19892142857142853
DIST_008,2023-03-06,0.193,5,0.21712857142857142
DIST_008,2023-03-22,0.2787,4,0.2617023809523809
DIST_008,2023-04-07,0.3443,5,0.35703809523809515
DIST_008,2023-04-23,0.4703,4,0.48715714285714284
DIST_008,2023-05-09,0.6378,4,0.6242190476190476
DIST_008,2023-05-25,0.7491,5,0.7492857142857143
DIST_008,2023-06-10,0.8259,5,0.8154857142857144
DIST_008,2023-06-26,0.8128,4,0.8016309523809524
DIST_008,2023-07-12,0.7258,5,0.7199714285714286
DIST_008,2023-07-28,0.58885,10,0.596447619047619
DIST_008,2023-08-13,0.4519,4,0.46116666666666667
DIST_008,2023-08-29,0.35315,10,0.3481285714285714
DIST_008,2023-09-14,0.2544,4,0.26697619047619053
DIST_008,2023-09-30,0.2229,8,0.21819761904761906
DIST_008,2023-10-16,0.1914,4,0.19399523809523808
DIST_009,2023-01-01,0.1812,4,0.1794142857142857
DIST_009,2023-01-17,0.1837,4,0.17577619047619047
DIST_009,2023-02-02,0.1661,4,0.17388095238095239
DIST_009,2023-02-18,0.1848,4,0.18526190476190477
DIST_009,2023-03-06,0.207,5,0.20393333333333333
DIST_009,2023-03-22,0.2622,4,0.25194285714285714
DIST_009,2023-04-07,0.3085,5,0.33619047619047615
DIST_009,2023-04-23,0.4524,4,0.45578095238095234
DIST_009,2023-05-09,0.6085,4,0.6028
DIST_009,2023-05-25,0.732,4,0.7352285714285715
DIST_009,2023-06-10,0.833,5,0.811495238095238
DIST_009,2023-06-26,0.8036,4,0.8068619047619047
DIST_009,2023-07-12,0.7421,4,0.721642857142857
DIST_009,2023-07-28,0.5751,5,0.5755809523809523
DIST_009,2023-08-13,0.418,4,0.4349380952380952
DIST_009,2023-08-29,0.3007,4,0.3264
DIST_009,2023-09-14,0.273,4,0.25987142857142864
DIST_009,2023-09-30,0.2426,4,0.2229142857142857
DIST_009,2023-10-16,0.1827,5,0.20147619047619045
DIST_010,2023-01-01,0.1701,4,0.17644761904761902
DIST_010,2023-01-17,0.1999,5,0.1837952380952381
DIST_010,2023-02-02,0.1784,4,0.1876952380952381
DIST_010,2023-02-18,0.2053,5,0.19572857142857142
DIST_010,2023-03-06,0.2083,5,0.21706666666666663
DIST_010,2023-03-22,0.2667,5,0.27554761904761904
DIST_010,2023-04-07,0.3533,4,0.3453428571428572
DIST_010,2023-04-23,0.4635,5,0.45667142857142856
DIST_010,2023-05-09,0.5498,4,0.5892809523809525
DIST_010,2023-05-25,0.7329,5,0.720795238095238
DIST_010,2023-06-10,0.8276,5,0.8012857142857143
DIST_010,2023-06-26,0.8307,5,0.8163238095238095
DIST_010,2023-07-12,0.717,4,0.7284904761904762
DIST_010,2023-07-28,0.6106,4,0.5967333333333333
DIST_010,2023-08-13,0.4353,5,0.4574190476190476
DIST_010,2023-08-29,0.3457,4,0.34283809523809516
DIST_010,2023-09-14,0.2653,4,0.26995714285714284
DIST_010,2023-09-30,0.2323,4,0.24759523809523803
DIST_010,2023-10-16,0.2593,5,0.24421428571428566
DIST_011,2023-01-01,0.1972,4,0.18291428571428572
DIST_011,2023-01-17,0.1554,4,0.1809857142857143
DIST_011,2023-02-02,0.1862,4,0.1770904761904762
DIST_011,2023-02-18,0.2053,5,0.19035714285714286
DIST_011,2023-03-06,0.2003,5,0.2145523809523809
DIST_011,2023-03-22,0.2734,5,0.26593809523809525
DIST_011,2023-04-07,0.3253,4,0.3554571428571428
DIST_011,2023-04-23,0.4962,4,0.47589999999999993
DIST_011,2023-05-09,0.6074,4,0.6132333333333333
DIST_011,2023-05-25,0.7213,5,0.7364238095238095
DIST_011,2023-06-10,0.8296,4,0.7969761904761905
DIST_011,2023-06-26,0.7984,4,0.7938047619047619
DIST_011,2023-07-12,0.7197,5,0.7200214285714287
DIST_011,2023-07-28,0.5889,4,0.593290476190476
DIST_011,2023-08-13,0.46525,10,0.46754285714285715
DIST_011,2023-08-29,0.3416,4,0.34739047619047625
DIST_011,2023-09-14,0.26685000000000003,9,0.26115238095238097
DIST_011,2023-09-30,0.1921,5,0.21013333333333334
DIST_011,2023-10-16,0.1961,5,0.19120714285714283
DIST_012,2023-01-01,0.1548,5,0.16448571428571424
DIST_012,2023-01-17,0.1836,4,0.1735
DIST_012,2023-02-02,0.192,5,0.18739999999999998
DIST_012,2023-02-18,0.1953,4,0.19976666666666665
DIST_012,2023-03-06,0.2316,5,0.2267666666666666
DIST_012,2023-03-22,0.2658,4,0.2837666666666666
DIST_012,2023-04-07,0.3761,5,0.37016190476190475
DIST_012,2023-04-23,0.4814,5,0.4770047619047618
DIST_012,2023-05-09,0.5969,5,0.6127857142857144
DIST_012,2023-05-25,0.7187,3,0.7282
DIST_012,2023-06-10,0.8405,5,0.8077333333333333
DIST_012,2023-06-26,0.8143,4,0.8175714285714284
DIST_012,2023-07-12,0.749,5,0.7286761904761905
DIST_012,2023-07-28,0.597,4,0.5963285714285713
DIST_012,2023-08-13,0.4107,5,0.45350476190476186
DIST_012,2023-08-29,0.3624,4,0.33033333333333326
DIST_012,2023-09-14,0.2317,4,0.2517857142857143
DIST_012,2023-09-30,0.2106,10,0.21222380952380948
DIST_012,2023-10-16,0.1895,5,0.1850904761904762
DIST_013,2023-01-01,0.1897,4,0.19009285714285712
DIST_013,2023-01-17,0.1929,5,0.20008095238095236
DIST_013,2023-02-02,0.20705,10,0.19798333333333332
DIST_013,2023-02-18,0.2212,4,0.2017428571428571
DIST_013,2023-03-06,0.1912,4,0.2203642857142857
DIST_013,2023-03-22,0.2698,4,0.2688928571428571
DIST_013,2023-04-07,0.355,5,0.3553428571428571
DIST_013,2023-04-23,0.47855,9,0.47592619047619045
DIST_013,2023-05-09,0.6021,4,0.6096142857142857
DIST_013,2023-05-25,0.7252,5,0.7468785714285714
DIST_013,2023-06-10,0.8503,4,0.8178
DIST_013,2023-06-26,0.8558,5,0.8164428571428572
DIST_013,2023-07-12,0.6997,4,0.7389523809523809
DIST_013,2023-07-28,0.6063,4,0.5993666666666666
DIST_013,2023-08-13,0.4678,5,0.46040952380952377
DIST_013,2023-08-29,0.3282,5,0.3463095238095238
DIST_013,2023-09-14,0.2569,8,0.24983809523809525
DIST_013,2023-09-30,0.1856,5,0.19583333333333333
DIST_013,2023-10-16,0.1747,5,0.17493809523809523
DIST_014,2023-01-01,0.2072,8,0.2113142857142857
DIST_014,2023-01-17,0.2072,5,0.20244285714285715
DIST_014,2023-02-02,0.211,4,0.19472857142857142
DIST_014,2023-02-18,0.1697,5,0.19054761904761908
DIST_014,2023-03-06,0.2123,4,0.20685238095238095
DIST_014,2023-03-22,0.2466,5,0.24839999999999995
DIST_014,2023-04-07,0.3366,5,0.3338309523809524
DIST_014,2023-04-23,0.4342,4,0.4586095238095238
DIST_014,2023-05-09,0.59645,10,0.6093833333333333
DIST_014,2023-05-25,0.7587,5,0.7231952380952381
DIST_014,2023-06-10,0.7991,4,0.7721023809523808
DIST_014,2023-06-26,0.7247,8,0.7479333333333332
DIST_014,2023-07-12,0.6503,10,0.6610761904761905
DIST_014,2023-07-28,0.5759,4,0.5511857142857143
DIST_014,2023-08-13,0.4368,5,0.44967142857142856
DIST_014,2023-08-29,0.3317,5,0.3453285714285714
DIST_014,2023-09-14,0.275,5,0.2575
DIST_014,2023-09-30,0.1933,5,0.20675714285714286
DIST_014,2023-10-16,0.1739,4,0.17885714285714285
DIST_015,2023-01-01,0.1906,3,0.18876666666666664
DIST_015,2023-01-17,0.1906,4,0.17861428571428573
DIST_015,2023-02-02,0.1677,4,0.17557142857142854
DIST_015,2023-02-18,0.1755,4,0.18778095238095235
DIST_015,2023-03-06,0.2251,10,0.21119523809523805
DIST_015,2023-03-22,0.2747,5,0.26659523809523805
DIST_015,2023-04-07,0.3283,5,0.3585142857142857
DIST_015,2023-04-23,0.4743,5,0.4792142857142857
DIST_015,2023-05-09,0.6294,4,0.616804761904762
DIST_015,2023-05-25,0.7379,5,0.7283809523809524
DIST_015,2023-06-10,0.7952,5,0.7941904761904762
DIST_015,2023-06-26,0.7736000000000001,8,0.7834761904761905
DIST_015,2023-07-12,0.752,4,0.7138238095238095
DIST_015,2023-07-28,0.5765,4,0.5953952380952381
DIST_015,2023-08-13,0.4649,4,0.4671047619047618
DIST_015,2023-08-29,0.3394,4,0.3606761904761905
DIST_015,2023-09-14,0.2911,4,0.2884333333333334
DIST_015,2023-09-30,0.2613,5,0.2323142857142857
DIST_015,2023-10-16,0.1735,5,0.19958571428571426
