district_id,awc_0_100cm,soil_organic_carbon_pct,soil_ph,clay_fraction_pct,sand_fraction_pct,bulk_density_gcm3
DIST_001,93.4,1.59,7.6,20.9,20.5,1.25
DIST_002,120.1,0.89,6.1,29.6,21.7,1.58
DIST_003,161.5,0.51,7.37,40.9,26.4,1.52
DIST_004,152.3,2.05,7.44,38.0,25.0,1.33
DIST_005,142.6,0.67,6.79,29.1,28.2,1.29
DIST_006,112.2,1.63,6.62,28.1,26.0,1.5
DIST_007,162.0,1.29,5.88,38.3,57.5,1.28
DIST_008,151.3,1.28,5.74,38.7,21.1,1.47
DIST_009,115.9,1.55,5.93,26.6,22.6,1.39
DIST_010,108.5,0.82,5.79,40.0,46.1,1.28
DIST_011,137.0,1.74,7.87,16.0,33.9,1.44
DIST_012,86.7,0.92,7.51,26.1,21.7,1.45
DIST_013,112.5,1.82,7.93,31.9,44.4,1.41
DIST_014,174.9,0.92,6.58,44.4,49.8,1.34
DIST_015,176.6,0.92,7.21,46.5,43.3,1.51
DIST_016,165.9,2.14,8.12,14.8,19.2,1.43
DIST_017,190.0,1.4,7.77,40.1,39.9,1.4
DIST_018,133.0,0.94,7.82,21.1,57.9,1.35
DIST_019,87.9,0.78,7.9,18.4,50.5,1.29
DIST_020,139.9,0.85,6.4,18.2,42.5,1.35
DIST_021,125.2,0.53,5.87,38.1,30.9,1.38
DIST_022,168.9,1.32,6.11,32.7,53.3,1.44
DIST_023,131.2,0.69,6.17,46.2,52.0,1.25
DIST_024,85.6,0.79,8.05,33.7,54.9,1.39
DIST_025,175.9,0.52,6.65,26.8,61.2,1.33
DIST_026,130.9,1.93,7.88,43.9,35.4,1.56
DIST_027,156.9,2.11,8.0,21.9,40.0,1.43
DIST_028,173.3,1.23,6.07,39.3,44.1,1.54
DIST_029,157.1,0.48,8.11,34.2,44.2,1.55
DIST_030,158.0,1.38,5.79,46.7,21.5,1.28
DIST_031,175.1,1.41,5.98,23.7,61.7,1.43
DIST_032,129.2,2.16,6.8,24.5,25.2,1.49
DIST_033,150.6,0.63,7.1,19.4,61.2,1.31
DIST_034,161.6,1.73,7.37,28.6,21.3,1.57
DIST_035,106.1,1.95,5.87,23.6,42.6,1.37
DIST_036,190.4,2.1,7.99,35.8,27.6,1.41
DIST_037,169.2,0.58,7.83,35.5,49.8,1.47
DIST_038,178.3,0.62,6.52,31.1,42.1,1.56
DIST_039,89.7,2.14,6.99,32.9,32.1,1.45
DIST_040,156.1,0.82,7.33,23.1,48.3,1.44
DIST_041,163.8,0.49,5.84,42.6,34.8,1.52
DIST_042,91.9,1.95,5.73,29.9,59.3,1.25
DIST_043,123.6,1.46,7.93,25.3,53.5,1.48
DIST_044,118.8,1.11,6.02,37.6,42.8,1.28
DIST_045,153.2,1.42,5.75,46.4,54.7,1.25
DIST_046,187.4,2.24,5.61,20.9,48.9,1.56
DIST_047,175.5,1.0,5.59,30.1,22.0,1.31
DIST_048,155.4,1.42,6.52,45.6,26.5,1.4
DIST_049,148.1,1.08,7.4,43.5,41.8,1.5
DIST_050,91.7,0.75,6.75,45.3,41.4,1.38
DIST_051,151.0,0.69,7.26,17.2,43.4,1.48
DIST_052,130.3,2.23,5.91,19.8,40.7,1.56
DIST_053,128.0,2.26,7.37,40.6,59.3,1.43
DIST_054,155.6,1.58,7.62,23.3,52.7,1.48
DIST_055,151.2,0.53,7.59,18.5,60.3,1.25
DIST_056,164.2,1.15,7.49,31.6,45.7,1.25
DIST_057,191.3,0.46,8.04,33.3,29.4,1.45
DIST_058,159.0,1.87,5.54,47.4,45.2,1.36
DIST_059,147.8,0.8,6.17,16.9,56.7,1.31
DIST_060,166.4,0.98,5.89,17.7,55.9,1.26
DIST_061,94.6,0.47,6.49,46.1,58.0,1.26
DIST_062,86.4,1.91,6.33,42.4,27.5,1.4
DIST_063,88.6,2.19,5.98,24.0,39.1,1.32
DIST_064,89.4,0.51,8.08,25.1,32.7,1.55
DIST_065,177.0,1.79,7.28,41.2,25.4,1.46
DIST_066,95.8,0.7,6.16,38.1,57.3,1.47
DIST_067,130.8,1.45,7.42,34.9,41.3,1.31
DIST_068,152.9,0.49,7.01,41.9,25.9,1.26
DIST_069,191.7,2.09,6.32,21.1,32.7,1.38
DIST_070,175.3,0.92,7.45,45.6,34.7,1.23
DIST_071,176.0,1.83,5.9,34.3,54.3,1.29
DIST_072,109.5,0.84,8.19,21.8,29.7,1.24
DIST_073,193.2,0.93,7.46,14.9,52.5,1.49
DIST_074,94.3,0.69,6.3,26.1,52.5,1.24
DIST_075,156.5,0.9,6.53,14.1,30.8,1.28
DIST_076,140.4,0.76,7.76,44.0,55.2,1.57
DIST_077,185.6,1.0,6.35,32.1,34.9,1.57
DIST_078,122.3,1.89,7.05,46.5,50.8,1.33
DIST_079,106.7,2.12,7.96,42.3,50.4,1.34
DIST_080,140.6,2.24,5.86,30.8,33.6,1.46
DIST_081,154.7,1.54,6.25,19.4,52.5,1.58
DIST_082,103.6,0.6,7.51,25.7,27.4,1.41
DIST_083,159.3,0.87,8.19,25.2,31.9,1.37
DIST_084,167.0,2.15,6.37,18.0,29.3,1.25
DIST_085,154.3,1.89,6.66,46.4,50.0,1.36
DIST_086,96.2,1.41,6.86,32.7,48.0,1.32
DIST_087,85.3,2.04,7.72,45.0,60.6,1.28
DIST_088,123.9,2.11,8.02,14.5,35.1,1.26
DIST_089,171.7,1.91,7.54,27.3,35.9,1.31
DIST_090,124.7,2.37,5.63,25.0,52.8,1.36
DIST_091,189.5,1.1,7.79,41.7,18.4,1.37
DIST_092,115.9,1.39,6.75,44.8,26.1,1.29
DIST_093,96.9,1.89,7.98,26.5,20.7,1.28
DIST_094,96.3,1.61,6.26,44.5,25.1,1.55
DIST_095,121.6,2.14,8.06,47.5,53.4,1.26
DIST_096,91.1,1.89,7.92,19.6,59.4,1.44
DIST_097,98.6,0.78,5.68,18.9,50.2,1.3
DIST_098,146.8,1.86,7.92,34.1,43.1,1.55
DIST_099,117.4,0.85,7.86,16.5,26.3,1.37
DIST_100,124.7,1.83,5.75,30.2,53.6,1.47
DIST_101,154.5,0.92,6.56,20.1,40.4,1.43
DIST_102,154.4,2.16,5.67,27.2,44.0,1.43
DIST_103,87.4,0.82,7.78,31.5,36.2,1.54
DIST_104,93.2,2.25,5.58,33.1,42.4,1.45
DIST_105,88.3,1.48,5.81,19.3,27.5,1.44
DIST_106,127.9,0.62,6.28,16.6,47.2,1.42
DIST_107,129.8,2.26,6.9,44.2,43.5,1.36
DIST_108,144.3,0.75,7.32,47.4,28.9,1.34
DIST_109,129.7,1.39,7.44,18.6,31.3,1.41
DIST_110,149.9,1.5,6.68,38.2,27.0,1.32
DIST_111,133.9,1.81,5.72,17.9,52.4,1.31
DIST_112,191.0,2.32,7.35,38.4,46.6,1.28
DIST_113,140.1,2.0,7.59,44.6,57.6,1.31
DIST_114,164.4,1.72,7.89,20.2,50.6,1.37
DIST_115,128.4,0.52,8.1,37.0,44.0,1.31
DIST_116,157.4,2.29,5.94,47.4,36.8,1.57
DIST_117,154.7,1.08,6.51,23.9,32.7,1.45
DIST_118,86.8,2.34,7.58,46.0,49.6,1.39
DIST_119,105.9,1.46,7.42,43.0,32.3,1.4
DIST_120,153.2,1.6,5.64,30.4,53.6,1.51
DIST_121,140.8,2.31,7.73,39.1,40.7,1.43
DIST_122,109.6,1.49,6.92,20.9,59.9,1.31
DIST_123,96.5,1.36,7.35,20.6,26.0,1.31
DIST_124,118.3,0.93,6.77,14.6,21.9,1.48
DIST_125,130.4,1.15,5.53,24.1,54.1,1.34
DIST_126,191.0,1.21,6.75,41.3,61.3,1.35
DIST_127,98.2,1.47,7.1,46.6,36.2,1.25
DIST_128,156.6,0.49,6.65,27.9,29.2,1.57
DIST_129,129.4,2.19,6.89,41.9,37.9,1.58
DIST_130,155.4,0.75,5.52,45.6,48.2,1.26
DIST_131,166.8,0.89,7.68,34.7,23.4,1.25
DIST_132,136.3,2.28,7.02,39.8,38.7,1.36
DIST_133,175.4,1.35,5.88,23.3,42.7,1.36
DIST_134,125.3,1.75,7.22,24.7,33.8,1.49
DIST_135,186.3,1.08,6.29,23.0,24.2,1.36
DIST_136,141.8,1.5,7.37,15.8,42.7,1.31
DIST_137,111.3,1.99,5.91,25.2,46.1,1.45
DIST_138,90.3,0.59,7.27,46.4,61.9,1.58
DIST_139,123.7,0.92,5.77,25.1,30.2,1.43
DIST_140,125.6,0.9,7.15,25.0,33.6,1.44
DIST_141,98.0,1.96,8.11,30.7,42.6,1.36
DIST_142,190.2,0.71,7.7,36.1,52.8,1.56
DIST_143,139.6,1.01,7.6,42.7,48.2,1.53
DIST_144,165.3,2.32,7.04,26.9,47.9,1.24
DIST_145,139.8,1.96,5.96,27.6,33.4,1.34
DIST_146,156.6,1.42,7.65,16.0,38.0,1.23
DIST_147,109.3,1.96,5.79,17.6,35.7,1.5
DIST_148,155.2,1.97,5.63,33.2,37.9,1.54
DIST_149,166.1,1.28,7.0,28.4,37.4,1.45
DIST_150,108.8,1.1,6.25,41.2,59.4,1.37
DIST_151,93.5,0.63,6.58,27.4,24.4,1.51
DIST_152,140.0,0.66,5.77,29.2,23.1,1.42
DIST_153,127.4,2.24,6.63,34.9,53.7,1.33
DIST_154,141.3,0.69,6.67,26.8,36.8,1.26
DIST_155,128.8,2.15,8.03,22.2,31.2,1.22
DIST_156,97.7,1.12,7.35,23.9,21.3,1.48
DIST_157,136.3,1.46,6.38,34.8,57.2,1.42
DIST_158,149.6,1.18,5.72,28.6,58.7,1.46
DIST_159,138.9,1.66,7.01,45.0,27.8,1.54
DIST_160,160.7,0.7,6.5,28.8,21.6,1.42
DIST_161,113.5,1.34,6.68,31.7,55.2,1.5
DIST_162,181.0,1.57,7.16,28.6,49.6,1.29
DIST_163,137.3,1.84,7.6,22.4,26.0,1.32
DIST_164,186.2,0.7,8.07,47.8,52.5,1.49
DIST_165,189.9,1.02,5.85,42.0,25.5,1.24
DIST_166,106.6,1.3,6.84,16.1,37.5,1.44
DIST_167,187.5,0.89,6.07,27.2,61.3,1.34
DIST_168,89.8,0.97,7.01,28.0,52.1,1.44
DIST_169,146.5,1.08,6.99,34.9,25.9,1.48
DIST_170,128.2,1.9,5.98,36.3,19.2,1.28
DIST_171,183.0,1.35,6.87,44.9,39.3,1.46
DIST_172,109.4,0.61,6.45,41.2,37.7,1.28
DIST_173,145.0,0.96,8.06,33.6,61.3,1.24
DIST_174,86.3,1.38,7.83,31.8,56.6,1.27
DIST_175,161.9,1.74,6.97,27.8,46.5,1.42
DIST_176,115.0,0.65,6.54,31.4,40.4,1.37
DIST_177,121.0,1.13,6.22,33.7,55.4,1.54
DIST_178,194.3,0.62,6.08,38.8,46.4,1.27
DIST_179,154.4,1.24,8.08,43.1,21.2,1.25
DIST_180,130.9,0.47,5.75,45.7,52.9,1.46
DIST_181,176.3,0.94,7.46,34.9,55.3,1.32
DIST_182,169.0,2.11,6.98,28.1,59.7,1.28
DIST_183,89.0,0.8,7.35,40.8,49.5,1.37
DIST_184,191.4,1.32,8.15,45.2,35.9,1.28
DIST_185,94.9,1.49,7.56,20.0,32.0,1.45
DIST_186,135.7,1.63,7.33,26.9,52.6,1.47
DIST_187,160.6,0.74,6.78,33.6,28.0,1.49
DIST_188,98.3,0.74,6.62,18.6,18.5,1.37
DIST_189,156.3,1.42,5.64,21.9,41.1,1.49
DIST_190,172.3,1.46,7.24,44.7,20.9,1.26
DIST_191,135.4,1.64,5.51,29.4,25.6,1.45
DIST_192,114.5,2.21,5.67,41.5,35.3,1.53
DIST_193,174.7,0.92,5.64,37.6,27.0,1.55
DIST_194,92.4,1.08,5.53,24.8,41.8,1.46
DIST_195,164.9,2.08,5.8,39.9,30.2,1.27
DIST_196,114.2,2.12,7.19,34.3,43.7,1.37
DIST_197,130.9,0.74,6.4,31.4,44.7,1.25
DIST_198,121.7,1.11,6.89,38.1,46.0,1.43
DIST_199,117.1,2.09,7.62,20.2,46.8,1.55
DIST_200,132.9,2.25,5.56,31.6,29.3,1.31
DIST_201,181.5,1.06,5.56,32.3,60.7,1.25
DIST_202,116.5,1.37,7.74,23.1,33.1,1.36
DIST_203,126.8,0.84,7.97,41.0,60.9,1.35
DIST_204,90.0,0.68,6.47,45.0,61.2,1.52
DIST_205,111.2,1.74,7.11,42.0,40.4,1.33
DIST_206,87.1,2.0,6.93,32.2,60.1,1.4
DIST_207,119.7,1.11,5.53,18.2,19.9,1.31
DIST_208,92.1,1.1,5.84,45.2,59.3,1.44
DIST_209,173.6,1.77,7.69,35.8,36.9,1.53
DIST_210,133.2,1.22,7.19,45.9,37.5,1.43
DIST_211,139.2,2.22,7.33,28.3,44.7,1.28
DIST_212,122.6,1.89,7.02,24.7,33.9,1.51
DIST_213,144.5,0.92,6.3,29.9,51.6,1.58
DIST_214,105.4,1.92,7.17,32.1,60.5,1.34
DIST_215,104.5,2.16,5.69,41.8,43.9,1.28
DIST_216,110.0,0.75,7.44,19.0,48.0,1.27
DIST_217,173.2,2.24,7.01,46.9,35.2,1.31
DIST_218,104.5,1.38,5.85,43.8,52.5,1.42
DIST_219,164.4,0.55,6.05,35.1,39.0,1.44
DIST_220,94.8,1.72,7.67,32.6,33.7,1.28
DIST_221,114.2,1.47,6.19,40.5,23.8,1.41
DIST_222,139.6,0.72,8.19,42.0,35.0,1.47
DIST_223,163.8,1.72,6.67,44.1,51.9,1.42
DIST_224,85.3,0.89,6.87,44.6,45.7,1.37
DIST_225,90.3,1.61,6.45,32.3,51.7,1.51
DIST_226,180.1,1.69,7.95,37.5,52.5,1.47
DIST_227,180.9,0.88,7.55,18.0,22.0,1.4
DIST_228,118.0,1.55,7.33,21.7,48.8,1.58
DIST_229,168.6,0.79,7.21,14.3,38.7,1.41
DIST_230,192.0,1.89,7.41,32.1,40.6,1.58
DIST_231,87.3,1.04,5.86,24.7,38.4,1.34
DIST_232,190.9,1.78,7.47,39.2,57.6,1.5
DIST_233,86.8,0.96,8.17,36.2,21.0,1.39
DIST_234,192.9,2.39,6.67,44.4,44.0,1.4
DIST_235,130.3,2.19,7.18,25.3,39.6,1.38
DIST_236,134.6,1.06,7.21,15.8,57.0,1.37
DIST_237,173.1,1.87,6.77,20.8,42.7,1.56
DIST_238,105.4,0.95,8.18,44.3,42.2,1.47
DIST_239,133.7,1.24,6.7,28.1,47.7,1.34
DIST_240,103.8,1.83,5.58,38.4,29.6,1.29
DIST_241,126.7,0.68,6.54,17.5,39.3,1.28
DIST_242,99.3,1.58,7.19,14.2,35.1,1.25
DIST_243,166.3,1.78,5.63,46.0,60.2,1.34
DIST_244,99.4,0.67,7.77,29.6,18.4,1.55
DIST_245,150.2,1.8,7.72,41.8,21.3,1.43
DIST_246,161.6,0.62,6.1,27.5,57.0,1.53
DIST_247,171.0,2.38,6.16,29.9,37.7,1.46
DIST_248,178.5,1.41,6.83,34.7,50.7,1.29
DIST_249,190.8,0.63,5.56,26.2,48.9,1.57
DIST_250,187.6,1.79,6.68,34.3,60.6,1.32
DIST_251,137.6,1.8,5.53,27.0,43.0,1.54
DIST_252,194.1,1.53,8.05,17.4,48.9,1.36
DIST_253,167.6,2.14,5.65,45.8,21.0,1.49
DIST_254,92.6,2.13,6.05,28.8,59.0,1.51
DIST_255,171.4,1.94,7.04,46.3,54.6,1.38
DIST_256,166.7,2.4,7.85,14.0,50.5,1.54
DIST_257,121.1,2.36,6.58,28.3,25.1,1.25
DIST_258,144.0,1.63,6.49,34.6,35.4,1.53
DIST_259,189.9,1.61,7.77,43.0,49.4,1.29
DIST_260,102.0,2.24,6.22,22.4,25.3,1.41
DIST_261,159.5,1.77,6.2,17.2,31.6,1.4
DIST_262,152.4,0.98,5.99,42.6,55.7,1.32
DIST_263,146.6,1.31,5.88,46.0,18.4,1.29
DIST_264,123.0,2.12,7.63,33.7,48.6,1.34
DIST_265,188.5,0.5,5.77,45.5,59.6,1.4
DIST_266,148.4,2.21,7.8,43.3,34.4,1.52
DIST_267,92.6,1.4,6.14,15.2,45.2,1.25
DIST_268,98.2,0.61,8.13,15.3,29.9,1.45
DIST_269,175.6,1.64,8.14,25.5,38.8,1.52
DIST_270,160.0,0.87,6.85,47.2,56.0,1.29
DIST_271,104.8,2.07,6.04,29.4,26.0,1.23
DIST_272,181.3,1.97,6.77,19.4,53.5,1.35
DIST_273,157.8,1.07,6.67,32.2,51.5,1.52
DIST_274,133.8,0.9,5.91,25.6,53.3,1.32
DIST_275,90.2,1.55,5.59,44.1,47.8,1.31
DIST_276,136.6,1.89,7.97,43.7,21.1,1.25
DIST_277,150.7,1.42,6.29,47.2,50.8,1.47
DIST_278,104.9,1.0,7.13,41.1,59.0,1.47
DIST_279,131.1,1.8,5.69,34.4,57.4,1.45
DIST_280,85.8,1.8,7.46,32.4,53.9,1.29
DIST_281,130.0,2.02,7.13,47.8,21.0,1.31
DIST_282,106.9,2.35,7.85,18.5,33.6,1.24
DIST_283,154.6,1.1,6.2,31.8,53.0,1.37
DIST_284,168.3,1.32,6.08,29.2,41.7,1.39
DIST_285,115.2,0.81,8.06,24.1,49.0,1.34
DIST_286,191.7,2.38,7.73,33.8,41.9,1.34
DIST_287,98.4,0.6,6.76,47.3,28.9,1.37
DIST_288,155.6,1.13,5.51,27.5,53.4,1.56
DIST_289,115.3,2.25,7.84,27.8,18.2,1.52
DIST_290,116.5,1.92,7.04,21.5,46.5,1.5
DIST_291,137.2,1.91,6.59,47.3,28.6,1.5
DIST_292,167.5,1.48,6.45,29.2,45.7,1.41
DIST_293,168.8,1.15,5.79,31.2,29.4,1.44
DIST_294,142.2,1.97,7.05,28.6,23.3,1.26
DIST_295,155.4,2.17,6.62,32.0,44.0,1.39
DIST_296,91.6,1.6,5.87,32.9,52.1,1.22
DIST_297,132.4,1.9,6.93,22.0,48.7,1.5
DIST_298,124.9,1.03,6.97,26.4,54.8,1.5
DIST_299,119.3,1.34,7.9,19.0,51.2,1.33
DIST_300,98.1,0.68,6.25,32.6,57.9,1.33
DIST_301,106.9,1.38,5.92,23.2,61.4,1.42
DIST_302,171.2,0.86,6.9,31.4,53.8,1.23
DIST_303,179.7,0.61,7.97,18.9,41.4,1.26
DIST_304,134.2,1.03,6.63,32.5,38.2,1.23
DIST_305,180.0,0.64,8.15,42.9,42.7,1.31
DIST_306,94.5,1.76,6.04,38.9,54.6,1.58
DIST_307,140.5,2.35,5.9,42.4,33.8,1.35
DIST_308,114.6,0.79,6.69,47.6,32.5,1.39
DIST_309,110.1,1.11,5.65,46.5,40.4,1.48
DIST_310,141.5,1.95,6.94,37.9,48.1,1.41
DIST_311,110.4,0.86,7.86,18.1,42.6,1.4
DIST_312,172.8,0.71,7.36,34.6,48.9,1.44
DIST_313,146.9,2.26,6.44,20.3,53.0,1.27
DIST_314,159.8,1.52,5.5,22.2,39.8,1.34
DIST_315,132.0,1.62,7.47,19.1,30.4,1.45
DIST_316,149.7,1.89,7.23,25.2,40.0,1.54
DIST_317,105.5,1.18,7.77,26.4,36.1,1.33
DIST_318,183.9,1.74,6.06,39.5,19.7,1.36
DIST_319,185.1,1.8,7.64,45.7,52.1,1.25
DIST_320,110.4,1.42,5.54,35.2,46.9,1.47
